timestamp,title,price,original_price,shipping,url
2026-03-10 17:27:35,Apple iPhone 15 Pro 256GB Unlocked AT&T T-Mobile Verizon Excellent Condition,$523.95,"$1,099.00",N/A,https://www.ebay.com/itm/305315521632?_trkparms=5373%3A5000006400%7C5374%3ATech%7C5079%3A5000006400
2026-03-10 17:27:35,Samsung Galaxy S23 128GB S911U Unlocked - Excellent,$239.99,$799.99,N/A,https://www.ebay.com/itm/256372271129?_trkparms=5373%3A5000006400%7C5374%3ATech%7C5079%3A5000006400
2026-03-10 17:27:35,Samsung Galaxy S21 5G 128GB G991U Unlocked - Good,$134.99,$799.99,N/A,https://www.ebay.com/itm/254987231741?_trkparms=5373%3A5000006400%7C5374%3ATech%7C5079%3A5000006400
2026-03-10 17:27:36,Samsung Galaxy S23 Ultra S918U1 256GB Unlocked - Very Good Refurbished,$402.99,$999.99,N/A,https://www.ebay.com/itm/205816814214?_trkparms=5373%3A5000006400%7C5374%3ATech%7C5079%3A5000006400
2026-03-10 17:27:36,"Microsoft Xbox Wireless Controller For Xbox Series X / S, Xbox One & Windows PC",$45.95,$80.00,N/A,https://www.ebay.com/itm/275287871839?_trkparms=5373%3A5000006400%7C5374%3ATech%7C5079%3A5000006400
2026-03-10 17:27:36,Apple iPhone 14 Pro 256GB Unlocked - Excellent,$414.99,"$1,099.00",N/A,https://www.ebay.com/itm/257331960588?_trkparms=5373%3A5000006400%7C5374%3ATech%7C5079%3A5000006400
2026-03-10 17:27:36,Samsung Galaxy S22+ 128GB S906U Unlocked - Good,$163.99,$999.99,N/A,https://www.ebay.com/itm/255803826545?_trkparms=5373%3A5000006400%7C5374%3ATech%7C5079%3A5000006400
2026-03-10 17:27:37,Apple iPhone 15 256GB Factory Unlocked AT&T T-Mobile Verizon Very Good Condition,$423.95,$899.00,N/A,https://www.ebay.com/itm/296120880922?_trkparms=5373%3A5000006400%7C5374%3ATech%7C5079%3A5000006400
2026-03-10 17:27:37,Samsung Galaxy Watch4 Classic R880 42mm Black GPS + WiFi + Bluetooth - Very Good,$40.99,$199.99,N/A,https://www.ebay.com/itm/313891339572?_trkparms=5373%3A5000006400%7C5374%3ATech%7C5079%3A5000006400
2026-03-10 17:27:37,Google Pixel 8 Pro 256GB Unlocked - Excellent,$365.99,$859.00,N/A,https://www.ebay.com/itm/257161120994?_trkparms=5373%3A5000006400%7C5374%3ATech%7C5079%3A5000006400
2026-03-10 17:27:37,Apple iPhone 14 Pro 256GB Unlocked - Very Good,$385.99,"$1,099.00",N/A,https://www.ebay.com/itm/257331960624?_trkparms=5373%3A5000006400%7C5374%3ATech%7C5079%3A5000006400
2026-03-10 17:27:37,Apple Pencil (USB-C) - White Stylus MUWA3AM/A with Pixel-Perfect Precision,$51.82,$56.95,N/A,https://www.ebay.com/itm/296262723993?_trkparms=5373%3A5000006400%7C5374%3ATech%7C5079%3A5000006400
2026-03-10 17:27:37,"Google Pixel 9 Pro 256GB 6.3"" 5G Fully Unlocked, Excellent - Has LCD Shadow",$394.99,$999.00,N/A,https://www.ebay.com/itm/406685045390?_trkparms=5373%3A5000006400%7C5374%3ATech%7C5079%3A5000006400
2026-03-10 17:27:37,Apple iPhone 16 Plus 128GB Unlocked Good Condition,$509.00,$714.00,N/A,https://www.ebay.com/itm/227011332517?_trkparms=5373%3A5000006400%7C5374%3ATech%7C5079%3A5000006400
2026-03-10 17:27:38,Apple iPhone 16 256GB Factory Unlocked AT&T T-Mobile Verizon Very Good Condition,$586.95,$899.00,N/A,https://www.ebay.com/itm/296819057702?_trkparms=5373%3A5000006400%7C5374%3ATech%7C5079%3A5000006400
2026-03-10 17:27:38,"Bose Solo Soundbar 2 Home Theater, Certified Refurbished",$93.00,$199.00,N/A,https://www.ebay.com/itm/167031735841?_trkparms=5373%3A5000006400%7C5374%3ATech%7C5079%3A5000006400
2026-03-10 17:27:38,Apple iPhone 16 Pro 256GB Unlocked Excellent Condition,$689.00,$948.00,N/A,https://www.ebay.com/itm/226983072197?_trkparms=5373%3A5000006400%7C5374%3ATech%7C5079%3A5000006400
2026-03-10 17:27:38,Samsung Galaxy S23+ 256GB S916U Unlocked - Good,$269.99,$999.99,N/A,https://www.ebay.com/itm/256372558330?_trkparms=5373%3A5000006400%7C5374%3ATech%7C5079%3A5000006400
2026-03-10 17:27:38,Apple iPhone 16 Pro 512GB Unlocked Good Condition,$669.00,$969.00,N/A,https://www.ebay.com/itm/227030019541?_trkparms=5373%3A5000006400%7C5374%3ATech%7C5079%3A5000006400
2026-03-10 17:27:38,Apple Watch Series SE (2nd Gen) 40mm GPS + WiFi + Cellular Unlocked - Good,$99.99,$299.99,N/A,https://www.ebay.com/itm/314605138200?_trkparms=5373%3A5000006400%7C5374%3ATech%7C5079%3A5000006400
2026-03-10 17:27:38,Apple iPhone 12 Pro Max 128GB Fully Unlocked - EXCELLENT Condition,$326.99,$499.99,N/A,https://www.ebay.com/itm/225966696293?_trkparms=5373%3A5000006400%7C5374%3ATech%7C5079%3A5000006400
2026-03-10 17:27:38,eufy SoloCam S340 Outdoor Solar Security Camera 3K Dual-Camera Pan&Tilt 8xZoom,$105.00,$199.99,N/A,https://www.ebay.com/itm/387549414157?_trkparms=5373%3A5000006400%7C5374%3ATech%7C5079%3A5000006400
2026-03-10 17:27:38,Apple iPhone 12 128GB - Fully Unlocked - VERY GOOD Condition,$216.99,$499.99,N/A,https://www.ebay.com/itm/225936656368?_trkparms=5373%3A5000006400%7C5374%3ATech%7C5079%3A5000006400
2026-03-10 17:27:38,Retevis H777 walkie talkie long range Rechargeable 2W FRS Two Way Radios 10 Pack,$109.99,$149.99,N/A,https://www.ebay.com/itm/193602869616?_trkparms=5373%3A5000006400%7C5374%3ATech%7C5079%3A5000006400
2026-03-10 17:27:38,Apple iPad Pro 11-inch M4 Chip 256GB Wi-Fi / Cellular Silver MVV93LL/A Good,$697.00,$965.00,N/A,https://www.ebay.com/itm/227037915412?_trkparms=5373%3A5000006400%7C5374%3ATech%7C5079%3A5000006400
2026-03-10 17:27:38,Apple Watch Series 8 41mm GPS + WiFi + Cellular Unlocked Aluminum Case - Good,$147.99,$299.99,N/A,https://www.ebay.com/itm/195779072047?_trkparms=5373%3A5000006400%7C5374%3ATech%7C5079%3A5000006400
2026-03-10 17:27:38,Apple Watch Series 7 41mm GPS + WiFi + Cellular Unlocked Aluminum Case - Good,$110.99,$299.99,N/A,https://www.ebay.com/itm/404057662041?_trkparms=5373%3A5000006400%7C5374%3ATech%7C5079%3A5000006400
2026-03-10 17:27:38,Google Pixel Watch 3 - 45mm (LTE + WI-Fi /Bluetooth) - Matte Black - Good,$114.99,$299.99,N/A,https://www.ebay.com/itm/405860002220?_trkparms=5373%3A5000006400%7C5374%3ATech%7C5079%3A5000006400
2026-03-10 17:27:38,"Google Pixel 9 Pro XL 5G (256GB, 16GB) 6.8"" Unlocked Black Excellent LCD Shadow",$432.99,"$1,199.00",N/A,https://www.ebay.com/itm/406712646965?_trkparms=5373%3A5000006400%7C5374%3ATech%7C5079%3A5000006400
2026-03-10 17:27:39,Reolink 16MP 36 Channel Network Video Recorder NVR for Security Camera System,$229.99,N/A,N/A,https://www.ebay.com/itm/134318905821?_trkparms=5373%3A5000006400%7C5374%3ATech%7C5079%3A5000006400
2026-03-10 17:27:39,"Garmin dezl OTR720 Touchscreen 7"" Trucking GPS Navigator 010-02924-00",$319.99,$449.99,N/A,https://www.ebay.com/itm/187700000728?_trkparms=5373%3A5000006400%7C5374%3ATech%7C5079%3A5000006400
2026-03-10 17:27:39,Acer PM161Q 15.6in Portable Monitor FHD 1920x1080 250nit 60Hz 20ms Refurbished,$41.84,$99.99,N/A,https://www.ebay.com/itm/276789897235?_trkparms=5373%3A5000006400%7C5374%3ATech%7C5079%3A5000006400
2026-03-10 17:27:39,Samsung Galaxy S22+ 128GB S906U Unlocked - Very Good,$182.99,$999.99,N/A,https://www.ebay.com/itm/255788146958?_trkparms=5373%3A5000006400%7C5374%3ATech%7C5079%3A5000006400
2026-03-10 17:27:39,"Lenovo Legion 5 15.1"" WQXGA 165Hz Ultra 9 275HX 16GB RAM 1TB SSD RTX 5070","$1,499.99","$1,999.99",N/A,https://www.ebay.com/itm/306423604443?_trkparms=5373%3A5000006400%7C5374%3ATech%7C5079%3A5000006400
2026-03-10 17:27:39,Samsung Galaxy Watch Ultra (2025) 47MM LTE Unlocked L705U Smartwatch - Excellent,$354.99,N/A,N/A,https://www.ebay.com/itm/227111541415?_trkparms=5373%3A5000006400%7C5374%3ATech%7C5079%3A5000006400
2026-03-10 17:27:39,"Bose QuietComfort Ultra Noise Cancelling Headphones, Certified Refurbished",$215.00,$229.00,N/A,https://www.ebay.com/itm/166708867898?_trkparms=5373%3A5000006400%7C5374%3ATech%7C5079%3A5000006400
2026-03-10 17:27:39,Apple - HomePod mini,$94.95,$118.99,N/A,https://www.ebay.com/itm/326656443193?_trkparms=5373%3A5000006400%7C5374%3ATech%7C5079%3A5000006400
2026-03-10 17:27:39,"LG OLED77G5WUA 77"" G5 4K UHD OLED evo Smart TV w/ Wall Mount","$2,299.00",N/A,N/A,https://www.ebay.com/itm/297737539543?_trkparms=5373%3A5000006400%7C5374%3ATech%7C5079%3A5000006400
2026-03-10 17:27:39,"Apple 2022 iPad Pro, 12.9-inch, Wi-Fi + Cellular, 256GB, Silver - Excellent",$592.99,"$1,399.00",N/A,https://www.ebay.com/itm/406710862765?_trkparms=5373%3A5000006400%7C5374%3ATech%7C5079%3A5000006400
2026-03-10 17:27:39,"HP EliteBook 840 G7 14"" 512GB i5-10310U WIN11P, Silver",$225.00,$529.99,N/A,https://www.ebay.com/itm/366229051169?_trkparms=5373%3A5000006400%7C5374%3ATech%7C5079%3A5000006400
2026-03-10 17:27:39,eufy SoloCam S3 Solar Wireless Security Camera 360°PTZ 3K Dual-Cam Night Vision,$89.99,$199.99,N/A,https://www.ebay.com/itm/386708545260?_trkparms=5373%3A5000006400%7C5374%3ATech%7C5079%3A5000006400
2026-03-10 17:27:39,Apple Watch Ultra GPS & Cellular 49mm Titanium Trail Alpine Loop Ocean Excellent,$297.99,$799.00,N/A,https://www.ebay.com/itm/406318312547?_trkparms=5373%3A5000006400%7C5374%3ATech%7C5079%3A5000006400
2026-03-10 17:27:39,REDTIGER F7NP 128GB Dash Camera Front and Rear 4K Dash Cam With WiFi&GPS,$129.99,$189.99,N/A,https://www.ebay.com/itm/286761406185?_trkparms=5373%3A5000006400%7C5374%3ATech%7C5079%3A5000006400
2026-03-10 17:27:39,Apple iPhone 16 128GB Unlocked Smartphone A3081 Good Condition,$499.00,$701.00,N/A,https://www.ebay.com/itm/227050861810?_trkparms=5373%3A5000006400%7C5374%3ATech%7C5079%3A5000006423
2026-03-10 17:27:39,Samsung Galaxy S21 5G 128GB G991U Unlocked - Good,$134.99,$799.99,N/A,https://www.ebay.com/itm/254987231741?_trkparms=5373%3A5000006400%7C5374%3ATech%7C5079%3A5000006423
2026-03-10 17:27:39,Apple iPhone 15 Pro 512GB Unlocked AT&T T-Mobile Verizon Very Good Condition,$528.95,"$1,299.95",N/A,https://www.ebay.com/itm/296106949477?_trkparms=5373%3A5000006400%7C5374%3ATech%7C5079%3A5000006423
2026-03-10 17:27:39,UMIDIGI BISON Pro 4GB/8GB+128GB NFC Dual SIM 48MP Rugged Android Smartphone,$120.39,N/A,N/A,https://www.ebay.com/itm/177660070141?_trkparms=5373%3A5000006400%7C5374%3ATech%7C5079%3A5000006423
2026-03-10 17:27:39,"HP OmniBook X 14-fk00 2-in-1 14"" Touch Laptop, Ryzen 7, 24GB, 1TB, Windows",$599.99,$999.99,N/A,https://www.ebay.com/itm/167860839015?_trkparms=5373%3A5000006400%7C5374%3ATech%7C5079%3A5000006407
2026-03-10 17:27:39,"Acer Swift Go 14"" Laptop Intel Core Ultra 7 155H 16GB RAM 1TB SSD Refurbished",$371.99,$799.99,N/A,https://www.ebay.com/itm/276709583737?_trkparms=5373%3A5000006400%7C5374%3ATech%7C5079%3A5000006407
2026-03-10 17:27:40,"2021 Apple M1 Pro MacBook Pro 16"" 32GB/512GB SSD - (Space Gray) A2485 w/Warranty",$795.15,"$2,699.00",N/A,https://www.ebay.com/itm/146647402645?_trkparms=5373%3A5000006400%7C5374%3ATech%7C5079%3A5000006407
2026-03-10 17:27:40,"HP EliteBook 845 G8 14"" FHD IPS AMD Ryzen 5 PRO 5650U 32GB 256GB SSD W11P Laptop",$369.00,$799.99,N/A,https://www.ebay.com/itm/376992070163?_trkparms=5373%3A5000006400%7C5374%3ATech%7C5079%3A5000006407
2026-03-10 17:27:40,Samsung HW-B750F 5.1ch Bluetooth Soundbar with Wireless Subwoofer – 2025 Model,$218.00,$599.95,N/A,https://www.ebay.com/itm/157040074913?_trkparms=5373%3A5000006400%7C5374%3ATech%7C5079%3A5000006409
2026-03-10 17:27:40,"Bose Solo Soundbar 2 Home Theater, Certified Refurbished",$93.00,$199.00,N/A,https://www.ebay.com/itm/167031735841?_trkparms=5373%3A5000006400%7C5374%3ATech%7C5079%3A5000006409
2026-03-10 17:27:40,Epson BrightLink 1485Fi FHD 5000Lumen 3LCD Interactive Classroom Laser Projector,"$1,357.00","$3,099.00",N/A,https://www.ebay.com/itm/175297139043?_trkparms=5373%3A5000006400%7C5374%3ATech%7C5079%3A5000006409
2026-03-10 17:27:40,Samsung 656W 11.1.4-Ch 656W Dolby Atmos Soundbar System HW-Q990D/ZA,$829.98,"$1,599.99",N/A,https://www.ebay.com/itm/395482986060?_trkparms=5373%3A5000006400%7C5374%3ATech%7C5079%3A5000006409
2026-03-10 17:27:40,SVBONY MK127 127mm Telescope Professional Maksutov-Cassegrain Planetary Visual,$479.99,$533.32,N/A,https://www.ebay.com/itm/197423012127?_trkparms=5373%3A5000006400%7C5374%3ATech%7C5079%3A5000006430
2026-03-10 17:27:40,SVBONY SV48P 102mm f/6.5 Telescope Astronomical Professional for Observation,$229.99,$333.32,N/A,https://www.ebay.com/itm/196534578698?_trkparms=5373%3A5000006400%7C5374%3ATech%7C5079%3A5000006430
2026-03-10 17:27:40,OM System Olympus OM-1 20MP Stacked Sensor Mirrorless Camera,$875.00,N/A,N/A,https://www.ebay.com/itm/205975048161?_trkparms=5373%3A5000006400%7C5374%3ATech%7C5079%3A5000006430
2026-03-10 17:27:40,OM System Olympus OM-1 Mirrorless Camera w/12-40mm f/2.8 Pro II Lens,"$1,499.00",N/A,N/A,https://www.ebay.com/itm/147075451628?_trkparms=5373%3A5000006400%7C5374%3ATech%7C5079%3A5000006430
2026-03-10 17:27:40,Nintendo Switch OLED 64GB Game Console + 1 Year🛡️ Warranty | 2-Day Shipping📦✈️,$249.95,$399.99,N/A,https://www.ebay.com/itm/357950678927?_trkparms=5373%3A5000006400%7C5374%3ATech%7C5079%3A5000006401
2026-03-10 17:27:40,Nex Playground Active Play System Motion Gaming Console AI Controller New OB,$179.99,$199.99,N/A,https://www.ebay.com/itm/389679669427?_trkparms=5373%3A5000006400%7C5374%3ATech%7C5079%3A5000006401
2026-03-10 17:27:40,"Gaming Charging Case 20W for Nintendo Switch 2, Sage Green",$69.99,N/A,N/A,https://www.ebay.com/itm/127701925145?_trkparms=5373%3A5000006400%7C5374%3ATech%7C5079%3A5000006401
2026-03-10 17:27:40,"Gaming Charging Case 20W for Nintendo Switch 2, Sand",$69.99,N/A,N/A,https://www.ebay.com/itm/127701925104?_trkparms=5373%3A5000006400%7C5374%3ATech%7C5079%3A5000006401
2026-03-10 17:27:40,TABWEE T90 Android Tablet With GPS 11 Inch Andriod 16 24GB+128GB 8000mAh T615,$139.00,N/A,N/A,https://www.ebay.com/itm/366144621889?_trkparms=5373%3A5000006400%7C5374%3ATech%7C5079%3A5000006415
2026-03-10 17:27:40,"Apple iPad Air 5 M1 (2022) 10.9"" 64GB 256GB - WiFi or Cellular - Good",$289.99,N/A,N/A,https://www.ebay.com/itm/157484606510?_trkparms=5373%3A5000006400%7C5374%3ATech%7C5079%3A5000006415
2026-03-10 17:27:40,Apple iPad Pro 12.9″ (5th Gen 2021) Wi-Fi M1 Excellent Condition 1 Year Warranty,$499.95,N/A,N/A,https://www.ebay.com/itm/227211848353?_trkparms=5373%3A5000006400%7C5374%3ATech%7C5079%3A5000006415
2026-03-10 17:27:40,"Apple iPad Pro6 Tablet 12.9"" 6th Gen 2022 WiFi / 5G Models Pro 6 -M2 Very Good",$599.95,N/A,N/A,https://www.ebay.com/itm/364759523674?_trkparms=5373%3A5000006400%7C5374%3ATech%7C5079%3A5000006415
2026-03-10 17:27:40,Apple AirPods Pro 2nd Generation Gen 2 2023 A2968 with Magsafe USB-C Charging,$139.95,$250.00,N/A,https://www.ebay.com/itm/285636515887?_trkparms=5373%3A5000006400%7C5374%3ATech%7C5079%3A5000006419
2026-03-10 17:27:40,Anker 737 Power Bank 24000mAh 3-Port Portable Charger 140W for iPhone 14/MacBook,$74.99,$159.99,N/A,https://www.ebay.com/itm/385840234596?_trkparms=5373%3A5000006400%7C5374%3ATech%7C5079%3A5000006419
2026-03-10 17:27:41,Samsung Galaxy Buds+ Plus SM-R175 Bluetooth True Wireless Earbuds 2020 Colors SR,$54.95,N/A,N/A,https://www.ebay.com/itm/185460063087?_trkparms=5373%3A5000006400%7C5374%3ATech%7C5079%3A5000006419
2026-03-10 17:27:41,Apple AirPods Pro 3 Wireless Active Noise Cancelling Earbuds Magsafe MFHP4LL/A,$186.95,N/A,N/A,https://www.ebay.com/itm/277504800257?_trkparms=5373%3A5000006400%7C5374%3ATech%7C5079%3A5000006419
2026-03-10 17:27:41,"2-Bay/4-Bay Hard Drive Enclosure for 3.5""/2.5'' SATA HDD/SSD 10Gbps USB-C 3.2",$75.99,$151.98,N/A,https://www.ebay.com/itm/236532412408?_trkparms=5373%3A5000006400%7C5374%3ATech%7C5079%3A5000006421
2026-03-10 17:27:41,WL OEM 20TB 7.2K RPM SATA 6Gb/s 3.5in Enterprise HDD,$357.46,N/A,N/A,https://www.ebay.com/itm/297831103459?_trkparms=5373%3A5000006400%7C5374%3ATech%7C5079%3A5000006421
2026-03-10 17:27:41,"Samsung - Geek Squad Certified Refurbished T9 Portable SSD 4TB, Up to 2,000MB...",$459.99,N/A,N/A,https://www.ebay.com/itm/205471528497?_trkparms=5373%3A5000006400%7C5374%3ATech%7C5079%3A5000006421
2026-03-10 17:27:41,SAMSUNG SSD 7.68TB 4TB 3.84TB 2TB 1.92TB 1TB 960GB 512GB 500GB 480GB 2.5 6Gbps,$74.99,N/A,N/A,https://www.ebay.com/itm/326859827047?_trkparms=5373%3A5000006400%7C5374%3ATech%7C5079%3A5000006421
2026-03-10 17:27:41,JBL PartyBox 1000 Portable Bluetooth Party Speaker with Full Panel Light Effects,$849.00,"$1,349.95",N/A,https://www.ebay.com/itm/184651964031?_trkparms=5373%3A5000006400%7C5374%3ATech%7C5079%3A5000006403
2026-03-10 17:27:41,"Soundcore Anker Life Q20 Hybrid Active Noise Cancelling Headphones, Wireless",$22.99,$28.74,N/A,https://www.ebay.com/itm/389129473103?_trkparms=5373%3A5000006400%7C5374%3ATech%7C5079%3A5000006403
2026-03-10 17:27:41,Beats Fit Pro Ear Hooks Ear wings Replacement Black White Purple Gray Blue 1Pair,$16.00,N/A,N/A,https://www.ebay.com/itm/376769728164?_trkparms=5373%3A5000006400%7C5374%3ATech%7C5079%3A5000006403
2026-03-10 17:27:41,JBL JBLPARTYBOXULTAM-Z PartyBox Ultimate Speaker - Certified Refurbished,"$1,199.99","$1,899.95",N/A,https://www.ebay.com/itm/135712104253?_trkparms=5373%3A5000006400%7C5374%3ATech%7C5079%3A5000006403
2026-03-10 17:27:41,Bundle: Canon SELPHY CP1500 Compact Photo Printer White with KP-108IN Paper Set,$203.99,$299.99,N/A,https://www.ebay.com/itm/196220534433?_trkparms=5373%3A5000006400%7C5374%3ATech%7C5079%3A5000006417
2026-03-10 17:27:41,Genuine HP 646A CF032AC Yellow High Yield Toner 12.5K HP LaserJet CM4540 MFP NEW,$19.00,$39.00,N/A,https://www.ebay.com/itm/305583237926?_trkparms=5373%3A5000006400%7C5374%3ATech%7C5079%3A5000006417
2026-03-10 17:27:41,Genuine HP 646A CF033AC Magenta High Yield Toner 12.5K LaserJet CM4540 MFP NEW,$17.99,$37.99,N/A,https://www.ebay.com/itm/305583258247?_trkparms=5373%3A5000006400%7C5374%3ATech%7C5079%3A5000006417
2026-03-10 17:27:41,Canon Selphy CP1500 Wireless Compact Photo Printer (Black),$179.00,$199.00,N/A,https://www.ebay.com/itm/376377515182?_trkparms=5373%3A5000006400%7C5374%3ATech%7C5079%3A5000006417
2026-03-10 17:27:41,REDTIGER 4K Dash Cam Front and Rear with AI-Powered Driver Assistance G-Sensor,$79.99,$139.99,N/A,https://www.ebay.com/itm/285933024479?_trkparms=5373%3A5000006400%7C5374%3ATech%7C5079%3A5000006432
2026-03-10 17:27:41,MUCAR 892BT Full Systems Car Bidirectional Diagnostic Scan Tool Life Free Update,$489.00,$569.00,N/A,https://www.ebay.com/itm/397321692203?_trkparms=5373%3A5000006400%7C5374%3ATech%7C5079%3A5000006432
2026-03-10 17:27:41,2026 Thinkscan Plus S7 Car OBD2 Scanner Auto Diagnostic Tool ABS SRS BCM IC AC,$125.99,$189.99,N/A,https://www.ebay.com/itm/394131576153?_trkparms=5373%3A5000006400%7C5374%3ATech%7C5079%3A5000006432
2026-03-10 17:27:41,"REDTIGER F17 4K 3 Channel Dash Cam, 5G WiFi Front and Rear Inside 64GB SD Card",$159.99,$219.99,N/A,https://www.ebay.com/itm/285472410074?_trkparms=5373%3A5000006400%7C5374%3ATech%7C5079%3A5000006432
2026-03-10 17:27:41,Olympus OM System 12-40mm f2.8 M.Zuiko ED PRO II Lens Micro 4/3 MFT,$699.00,N/A,N/A,https://www.ebay.com/itm/205996230549?_trkparms=5373%3A5000006400%7C5374%3ATech%7C5079%3A5000006425
2026-03-10 17:27:41,"PANASONIC LUMIX G Leica DG ELMARIT Professional Lens, 200mm, F2.8 ASPH,","$2,339.95","$3,626.99",N/A,https://www.ebay.com/itm/197772160091?_trkparms=5373%3A5000006400%7C5374%3ATech%7C5079%3A5000006425
2026-03-10 17:27:42,Sony FE 24-70mm f/2.8 GM II Lens - Fast USA Shipping!,"$2,299.00",N/A,N/A,https://www.ebay.com/itm/206009821598?_trkparms=5373%3A5000006400%7C5374%3ATech%7C5079%3A5000006425
2026-03-10 17:27:42,Sony FE 70-200mm f2.8 GM OSS II Lens SEL70200GM2 *Sony USA Warranty,"$2,889.00",N/A,N/A,https://www.ebay.com/itm/147103302859?_trkparms=5373%3A5000006400%7C5374%3ATech%7C5079%3A5000006425
2026-03-10 17:27:42,JBL PartyBox 1000 Portable Bluetooth Party Speaker with Full Panel Light Effects,$849.00,"$1,349.95",N/A,https://www.ebay.com/itm/184651964031?_trkparms=5373%3A5000006400%7C5374%3ATech%7C5079%3A5000006413
2026-03-10 17:27:42,Samsung HW-B750F 5.1ch Bluetooth Soundbar with Wireless Subwoofer – 2025 Model,$218.00,$599.95,N/A,https://www.ebay.com/itm/157040074913?_trkparms=5373%3A5000006400%7C5374%3ATech%7C5079%3A5000006413
2026-03-10 17:27:42,"Bose Solo Soundbar 2 Home Theater, Certified Refurbished",$93.00,$199.00,N/A,https://www.ebay.com/itm/167031735841?_trkparms=5373%3A5000006400%7C5374%3ATech%7C5079%3A5000006413
2026-03-10 17:27:42,"Soundcore Anker Life Q20 Hybrid Active Noise Cancelling Headphones, Wireless",$22.99,$28.74,N/A,https://www.ebay.com/itm/389129473103?_trkparms=5373%3A5000006400%7C5374%3ATech%7C5079%3A5000006413
2026-03-10 17:27:42,Apple Pencil (USB-C) - White Stylus MUWA3AM/A with Pixel-Perfect Precision,$51.82,$56.95,N/A,https://www.ebay.com/itm/296262723993?_trkparms=5373%3A5000006400%7C5374%3ATech%7C5079%3A5000006427
2026-03-10 17:27:42,Belkin Thunderbolt 3 Dock Pro (Certified Refurbished) - Space Grey,$72.00,$179.99,N/A,https://www.ebay.com/itm/127463179236?_trkparms=5373%3A5000006400%7C5374%3ATech%7C5079%3A5000006427
2026-03-10 17:27:42,Belkin USB-C Multimedia Hub (Certified Refurbished) - Silver,$40.00,$99.99,N/A,https://www.ebay.com/itm/127463179126?_trkparms=5373%3A5000006400%7C5374%3ATech%7C5079%3A5000006427
2026-03-10 17:27:42,Belkin Thunderbolt 3 Dock Plus (Certified Refurbished) - Black,$100.00,$249.99,N/A,https://www.ebay.com/itm/127463179800?_trkparms=5373%3A5000006400%7C5374%3ATech%7C5079%3A5000006427
2026-03-10 17:27:42,Apple iPhone 16 128GB Unlocked Smartphone A3081 Good Condition,$499.00,$701.00,N/A,https://www.ebay.com/itm/227050861810?_trkparms=5373%3A5000006400%7C5374%3ATech%7C5079%3A5000006411
2026-03-10 17:27:42,Samsung Galaxy S21 5G 128GB G991U Unlocked - Good,$134.99,$799.99,N/A,https://www.ebay.com/itm/254987231741?_trkparms=5373%3A5000006400%7C5374%3ATech%7C5079%3A5000006411
2026-03-10 17:27:42,Apple iPhone 15 Pro 512GB Unlocked AT&T T-Mobile Verizon Very Good Condition,$528.95,"$1,299.95",N/A,https://www.ebay.com/itm/296106949477?_trkparms=5373%3A5000006400%7C5374%3ATech%7C5079%3A5000006411
2026-03-10 17:27:42,Apple AirPods Pro 2nd Generation Gen 2 2023 A2968 with Magsafe USB-C Charging,$139.95,$250.00,N/A,https://www.ebay.com/itm/285636515887?_trkparms=5373%3A5000006400%7C5374%3ATech%7C5079%3A5000006411
2026-03-10 17:27:42,"LG UltraWide 34"" WQHD HDR 10 120Hz 5ms Curved Monitor Black 34U62TB-B 2025 Model",$189.99,$399.99,N/A,https://www.ebay.com/itm/136761082570?_trkparms=5373%3A5000006400%7C5374%3ATech%7C5079%3A5000006405
2026-03-10 17:27:42,"HP 524pf 24"" Class Full HD LCD Monitor - 16:9 - Jet Black",$135.69,$199.00,N/A,https://www.ebay.com/itm/306372024621?_trkparms=5373%3A5000006400%7C5374%3ATech%7C5079%3A5000006405
2026-03-10 17:27:42,"Refurbished HUION Kamvas Pro 19 18.4"" UHD Drawing Tablet Touch Screen PenTech4.0",$729.00,N/A,N/A,https://www.ebay.com/itm/335438627589?_trkparms=5373%3A5000006400%7C5374%3ATech%7C5079%3A5000006405
2026-03-10 17:27:42,"Refurbished HUION Kamvas 13 (Gen 3) 13.3"" Graphic Tablet Pen Display PenTech4.0",$169.00,N/A,N/A,https://www.ebay.com/itm/335778622198?_trkparms=5373%3A5000006400%7C5374%3ATech%7C5079%3A5000006405
2026-03-10 17:27:45,Apple iPhone 15 Pro 256GB Unlocked AT&T T-Mobile Verizon Excellent Condition,$523.95,"$1,099.00",N/A,https://www.ebay.com/itm/305315521632?_trkparms=5373%3A5000006400%7C5374%3ATech%7C5079%3A5000006400
2026-03-10 17:27:45,Samsung Galaxy S23 128GB S911U Unlocked - Excellent,$239.99,$799.99,N/A,https://www.ebay.com/itm/256372271129?_trkparms=5373%3A5000006400%7C5374%3ATech%7C5079%3A5000006400
2026-03-10 17:27:45,Samsung Galaxy S21 5G 128GB G991U Unlocked - Good,$134.99,$799.99,N/A,https://www.ebay.com/itm/254987231741?_trkparms=5373%3A5000006400%7C5374%3ATech%7C5079%3A5000006400
2026-03-10 17:27:45,Samsung Galaxy S23 Ultra S918U1 256GB Unlocked - Very Good Refurbished,$402.99,$999.99,N/A,https://www.ebay.com/itm/205816814214?_trkparms=5373%3A5000006400%7C5374%3ATech%7C5079%3A5000006400
2026-03-10 17:27:45,"Microsoft Xbox Wireless Controller For Xbox Series X / S, Xbox One & Windows PC",$45.95,$80.00,N/A,https://www.ebay.com/itm/275287871839?_trkparms=5373%3A5000006400%7C5374%3ATech%7C5079%3A5000006400
2026-03-10 17:27:45,Apple iPhone 14 Pro 256GB Unlocked - Excellent,$414.99,"$1,099.00",N/A,https://www.ebay.com/itm/257331960588?_trkparms=5373%3A5000006400%7C5374%3ATech%7C5079%3A5000006400
2026-03-10 17:27:45,Samsung Galaxy S22+ 128GB S906U Unlocked - Good,$163.99,$999.99,N/A,https://www.ebay.com/itm/255803826545?_trkparms=5373%3A5000006400%7C5374%3ATech%7C5079%3A5000006400
2026-03-10 17:27:45,Apple iPhone 15 256GB Factory Unlocked AT&T T-Mobile Verizon Very Good Condition,$423.95,$899.00,N/A,https://www.ebay.com/itm/296120880922?_trkparms=5373%3A5000006400%7C5374%3ATech%7C5079%3A5000006400
2026-03-10 17:27:45,Samsung Galaxy Watch4 Classic R880 42mm Black GPS + WiFi + Bluetooth - Very Good,$40.99,$199.99,N/A,https://www.ebay.com/itm/313891339572?_trkparms=5373%3A5000006400%7C5374%3ATech%7C5079%3A5000006400
2026-03-10 17:27:45,Google Pixel 8 Pro 256GB Unlocked - Excellent,$365.99,$859.00,N/A,https://www.ebay.com/itm/257161120994?_trkparms=5373%3A5000006400%7C5374%3ATech%7C5079%3A5000006400
2026-03-10 17:27:45,Apple iPhone 14 Pro 256GB Unlocked - Very Good,$385.99,"$1,099.00",N/A,https://www.ebay.com/itm/257331960624?_trkparms=5373%3A5000006400%7C5374%3ATech%7C5079%3A5000006400
2026-03-10 17:27:45,Apple Pencil (USB-C) - White Stylus MUWA3AM/A with Pixel-Perfect Precision,$51.82,$56.95,N/A,https://www.ebay.com/itm/296262723993?_trkparms=5373%3A5000006400%7C5374%3ATech%7C5079%3A5000006400
2026-03-10 17:27:45,"Google Pixel 9 Pro 256GB 6.3"" 5G Fully Unlocked, Excellent - Has LCD Shadow",$394.99,$999.00,N/A,https://www.ebay.com/itm/406685045390?_trkparms=5373%3A5000006400%7C5374%3ATech%7C5079%3A5000006400
2026-03-10 17:27:45,Apple iPhone 16 Plus 128GB Unlocked Good Condition,$509.00,$714.00,N/A,https://www.ebay.com/itm/227011332517?_trkparms=5373%3A5000006400%7C5374%3ATech%7C5079%3A5000006400
2026-03-10 17:27:45,Apple iPhone 16 256GB Factory Unlocked AT&T T-Mobile Verizon Very Good Condition,$586.95,$899.00,N/A,https://www.ebay.com/itm/296819057702?_trkparms=5373%3A5000006400%7C5374%3ATech%7C5079%3A5000006400
2026-03-10 17:27:45,"Bose Solo Soundbar 2 Home Theater, Certified Refurbished",$93.00,$199.00,N/A,https://www.ebay.com/itm/167031735841?_trkparms=5373%3A5000006400%7C5374%3ATech%7C5079%3A5000006400
2026-03-10 17:27:45,Apple iPhone 16 Pro 256GB Unlocked Excellent Condition,$689.00,$948.00,N/A,https://www.ebay.com/itm/226983072197?_trkparms=5373%3A5000006400%7C5374%3ATech%7C5079%3A5000006400
2026-03-10 17:27:45,Samsung Galaxy S23+ 256GB S916U Unlocked - Good,$269.99,$999.99,N/A,https://www.ebay.com/itm/256372558330?_trkparms=5373%3A5000006400%7C5374%3ATech%7C5079%3A5000006400
2026-03-10 17:27:46,Apple iPhone 16 Pro 512GB Unlocked Good Condition,$669.00,$969.00,N/A,https://www.ebay.com/itm/227030019541?_trkparms=5373%3A5000006400%7C5374%3ATech%7C5079%3A5000006400
2026-03-10 17:27:46,Apple Watch Series SE (2nd Gen) 40mm GPS + WiFi + Cellular Unlocked - Good,$99.99,$299.99,N/A,https://www.ebay.com/itm/314605138200?_trkparms=5373%3A5000006400%7C5374%3ATech%7C5079%3A5000006400
2026-03-10 17:27:46,Apple iPhone 12 Pro Max 128GB Fully Unlocked - EXCELLENT Condition,$326.99,$499.99,N/A,https://www.ebay.com/itm/225966696293?_trkparms=5373%3A5000006400%7C5374%3ATech%7C5079%3A5000006400
2026-03-10 17:27:46,eufy SoloCam S340 Outdoor Solar Security Camera 3K Dual-Camera Pan&Tilt 8xZoom,$105.00,$199.99,N/A,https://www.ebay.com/itm/387549414157?_trkparms=5373%3A5000006400%7C5374%3ATech%7C5079%3A5000006400
2026-03-10 17:27:46,Apple iPhone 12 128GB - Fully Unlocked - VERY GOOD Condition,$216.99,$499.99,N/A,https://www.ebay.com/itm/225936656368?_trkparms=5373%3A5000006400%7C5374%3ATech%7C5079%3A5000006400
2026-03-10 17:27:46,Retevis H777 walkie talkie long range Rechargeable 2W FRS Two Way Radios 10 Pack,$109.99,$149.99,N/A,https://www.ebay.com/itm/193602869616?_trkparms=5373%3A5000006400%7C5374%3ATech%7C5079%3A5000006400
2026-03-10 17:27:46,Apple iPad Pro 11-inch M4 Chip 256GB Wi-Fi / Cellular Silver MVV93LL/A Good,$697.00,$965.00,N/A,https://www.ebay.com/itm/227037915412?_trkparms=5373%3A5000006400%7C5374%3ATech%7C5079%3A5000006400
2026-03-10 17:27:46,Apple Watch Series 8 41mm GPS + WiFi + Cellular Unlocked Aluminum Case - Good,$147.99,$299.99,N/A,https://www.ebay.com/itm/195779072047?_trkparms=5373%3A5000006400%7C5374%3ATech%7C5079%3A5000006400
2026-03-10 17:27:46,Apple Watch Series 7 41mm GPS + WiFi + Cellular Unlocked Aluminum Case - Good,$110.99,$299.99,N/A,https://www.ebay.com/itm/404057662041?_trkparms=5373%3A5000006400%7C5374%3ATech%7C5079%3A5000006400
2026-03-10 17:27:46,Google Pixel Watch 3 - 45mm (LTE + WI-Fi /Bluetooth) - Matte Black - Good,$114.99,$299.99,N/A,https://www.ebay.com/itm/405860002220?_trkparms=5373%3A5000006400%7C5374%3ATech%7C5079%3A5000006400
2026-03-10 17:27:46,"Google Pixel 9 Pro XL 5G (256GB, 16GB) 6.8"" Unlocked Black Excellent LCD Shadow",$432.99,"$1,199.00",N/A,https://www.ebay.com/itm/406712646965?_trkparms=5373%3A5000006400%7C5374%3ATech%7C5079%3A5000006400
2026-03-10 17:27:46,Reolink 16MP 36 Channel Network Video Recorder NVR for Security Camera System,$229.99,N/A,N/A,https://www.ebay.com/itm/134318905821?_trkparms=5373%3A5000006400%7C5374%3ATech%7C5079%3A5000006400
2026-03-10 17:27:46,"Garmin dezl OTR720 Touchscreen 7"" Trucking GPS Navigator 010-02924-00",$319.99,$449.99,N/A,https://www.ebay.com/itm/187700000728?_trkparms=5373%3A5000006400%7C5374%3ATech%7C5079%3A5000006400
2026-03-10 17:27:46,Acer PM161Q 15.6in Portable Monitor FHD 1920x1080 250nit 60Hz 20ms Refurbished,$41.84,$99.99,N/A,https://www.ebay.com/itm/276789897235?_trkparms=5373%3A5000006400%7C5374%3ATech%7C5079%3A5000006400
2026-03-10 17:27:46,Samsung Galaxy S22+ 128GB S906U Unlocked - Very Good,$182.99,$999.99,N/A,https://www.ebay.com/itm/255788146958?_trkparms=5373%3A5000006400%7C5374%3ATech%7C5079%3A5000006400
2026-03-10 17:27:46,"Lenovo Legion 5 15.1"" WQXGA 165Hz Ultra 9 275HX 16GB RAM 1TB SSD RTX 5070","$1,499.99","$1,999.99",N/A,https://www.ebay.com/itm/306423604443?_trkparms=5373%3A5000006400%7C5374%3ATech%7C5079%3A5000006400
2026-03-10 17:27:46,Samsung Galaxy Watch Ultra (2025) 47MM LTE Unlocked L705U Smartwatch - Excellent,$354.99,N/A,N/A,https://www.ebay.com/itm/227111541415?_trkparms=5373%3A5000006400%7C5374%3ATech%7C5079%3A5000006400
2026-03-10 17:27:46,"Bose QuietComfort Ultra Noise Cancelling Headphones, Certified Refurbished",$215.00,$229.00,N/A,https://www.ebay.com/itm/166708867898?_trkparms=5373%3A5000006400%7C5374%3ATech%7C5079%3A5000006400
2026-03-10 17:27:46,Apple - HomePod mini,$94.95,$118.99,N/A,https://www.ebay.com/itm/326656443193?_trkparms=5373%3A5000006400%7C5374%3ATech%7C5079%3A5000006400
2026-03-10 17:27:46,"LG OLED77G5WUA 77"" G5 4K UHD OLED evo Smart TV w/ Wall Mount","$2,299.00",N/A,N/A,https://www.ebay.com/itm/297737539543?_trkparms=5373%3A5000006400%7C5374%3ATech%7C5079%3A5000006400
2026-03-10 17:27:47,"Apple 2022 iPad Pro, 12.9-inch, Wi-Fi + Cellular, 256GB, Silver - Excellent",$592.99,"$1,399.00",N/A,https://www.ebay.com/itm/406710862765?_trkparms=5373%3A5000006400%7C5374%3ATech%7C5079%3A5000006400
2026-03-10 17:27:47,"HP EliteBook 840 G7 14"" 512GB i5-10310U WIN11P, Silver",$225.00,$529.99,N/A,https://www.ebay.com/itm/366229051169?_trkparms=5373%3A5000006400%7C5374%3ATech%7C5079%3A5000006400
2026-03-10 17:27:47,eufy SoloCam S3 Solar Wireless Security Camera 360°PTZ 3K Dual-Cam Night Vision,$89.99,$199.99,N/A,https://www.ebay.com/itm/386708545260?_trkparms=5373%3A5000006400%7C5374%3ATech%7C5079%3A5000006400
2026-03-10 17:27:47,Apple Watch Ultra GPS & Cellular 49mm Titanium Trail Alpine Loop Ocean Excellent,$297.99,$799.00,N/A,https://www.ebay.com/itm/406318312547?_trkparms=5373%3A5000006400%7C5374%3ATech%7C5079%3A5000006400
2026-03-10 17:27:47,REDTIGER F7NP 128GB Dash Camera Front and Rear 4K Dash Cam With WiFi&GPS,$129.99,$189.99,N/A,https://www.ebay.com/itm/286761406185?_trkparms=5373%3A5000006400%7C5374%3ATech%7C5079%3A5000006400
2026-03-10 17:27:47,Apple iPhone 16 128GB Unlocked Smartphone A3081 Good Condition,$499.00,$701.00,N/A,https://www.ebay.com/itm/227050861810?_trkparms=5373%3A5000006400%7C5374%3ATech%7C5079%3A5000006423
2026-03-10 17:27:47,Samsung Galaxy S21 5G 128GB G991U Unlocked - Good,$134.99,$799.99,N/A,https://www.ebay.com/itm/254987231741?_trkparms=5373%3A5000006400%7C5374%3ATech%7C5079%3A5000006423
2026-03-10 17:27:47,Apple iPhone 15 Pro 512GB Unlocked AT&T T-Mobile Verizon Very Good Condition,$528.95,"$1,299.95",N/A,https://www.ebay.com/itm/296106949477?_trkparms=5373%3A5000006400%7C5374%3ATech%7C5079%3A5000006423
2026-03-10 17:27:47,UMIDIGI BISON Pro 4GB/8GB+128GB NFC Dual SIM 48MP Rugged Android Smartphone,$120.39,N/A,N/A,https://www.ebay.com/itm/177660070141?_trkparms=5373%3A5000006400%7C5374%3ATech%7C5079%3A5000006423
2026-03-10 17:27:47,"HP OmniBook X 14-fk00 2-in-1 14"" Touch Laptop, Ryzen 7, 24GB, 1TB, Windows",$599.99,$999.99,N/A,https://www.ebay.com/itm/167860839015?_trkparms=5373%3A5000006400%7C5374%3ATech%7C5079%3A5000006407
2026-03-10 17:27:47,"Acer Swift Go 14"" Laptop Intel Core Ultra 7 155H 16GB RAM 1TB SSD Refurbished",$371.99,$799.99,N/A,https://www.ebay.com/itm/276709583737?_trkparms=5373%3A5000006400%7C5374%3ATech%7C5079%3A5000006407
2026-03-10 17:27:47,"2021 Apple M1 Pro MacBook Pro 16"" 32GB/512GB SSD - (Space Gray) A2485 w/Warranty",$795.15,"$2,699.00",N/A,https://www.ebay.com/itm/146647402645?_trkparms=5373%3A5000006400%7C5374%3ATech%7C5079%3A5000006407
2026-03-10 17:27:47,"HP EliteBook 845 G8 14"" FHD IPS AMD Ryzen 5 PRO 5650U 32GB 256GB SSD W11P Laptop",$369.00,$799.99,N/A,https://www.ebay.com/itm/376992070163?_trkparms=5373%3A5000006400%7C5374%3ATech%7C5079%3A5000006407
2026-03-10 17:27:47,Samsung HW-B750F 5.1ch Bluetooth Soundbar with Wireless Subwoofer – 2025 Model,$218.00,$599.95,N/A,https://www.ebay.com/itm/157040074913?_trkparms=5373%3A5000006400%7C5374%3ATech%7C5079%3A5000006409
2026-03-10 17:27:47,"Bose Solo Soundbar 2 Home Theater, Certified Refurbished",$93.00,$199.00,N/A,https://www.ebay.com/itm/167031735841?_trkparms=5373%3A5000006400%7C5374%3ATech%7C5079%3A5000006409
2026-03-10 17:27:47,Epson BrightLink 1485Fi FHD 5000Lumen 3LCD Interactive Classroom Laser Projector,"$1,357.00","$3,099.00",N/A,https://www.ebay.com/itm/175297139043?_trkparms=5373%3A5000006400%7C5374%3ATech%7C5079%3A5000006409
2026-03-10 17:27:48,Samsung 656W 11.1.4-Ch 656W Dolby Atmos Soundbar System HW-Q990D/ZA,$829.98,"$1,599.99",N/A,https://www.ebay.com/itm/395482986060?_trkparms=5373%3A5000006400%7C5374%3ATech%7C5079%3A5000006409
2026-03-10 17:27:48,SVBONY MK127 127mm Telescope Professional Maksutov-Cassegrain Planetary Visual,$479.99,$533.32,N/A,https://www.ebay.com/itm/197423012127?_trkparms=5373%3A5000006400%7C5374%3ATech%7C5079%3A5000006430
2026-03-10 17:27:48,SVBONY SV48P 102mm f/6.5 Telescope Astronomical Professional for Observation,$229.99,$333.32,N/A,https://www.ebay.com/itm/196534578698?_trkparms=5373%3A5000006400%7C5374%3ATech%7C5079%3A5000006430
2026-03-10 17:27:48,OM System Olympus OM-1 20MP Stacked Sensor Mirrorless Camera,$875.00,N/A,N/A,https://www.ebay.com/itm/205975048161?_trkparms=5373%3A5000006400%7C5374%3ATech%7C5079%3A5000006430
2026-03-10 17:27:48,OM System Olympus OM-1 Mirrorless Camera w/12-40mm f/2.8 Pro II Lens,"$1,499.00",N/A,N/A,https://www.ebay.com/itm/147075451628?_trkparms=5373%3A5000006400%7C5374%3ATech%7C5079%3A5000006430
2026-03-10 17:27:48,Nintendo Switch OLED 64GB Game Console + 1 Year🛡️ Warranty | 2-Day Shipping📦✈️,$249.95,$399.99,N/A,https://www.ebay.com/itm/357950678927?_trkparms=5373%3A5000006400%7C5374%3ATech%7C5079%3A5000006401
2026-03-10 17:27:48,Nex Playground Active Play System Motion Gaming Console AI Controller New OB,$179.99,$199.99,N/A,https://www.ebay.com/itm/389679669427?_trkparms=5373%3A5000006400%7C5374%3ATech%7C5079%3A5000006401
2026-03-10 17:27:48,"Gaming Charging Case 20W for Nintendo Switch 2, Sage Green",$69.99,N/A,N/A,https://www.ebay.com/itm/127701925145?_trkparms=5373%3A5000006400%7C5374%3ATech%7C5079%3A5000006401
2026-03-10 17:27:48,"Gaming Charging Case 20W for Nintendo Switch 2, Sand",$69.99,N/A,N/A,https://www.ebay.com/itm/127701925104?_trkparms=5373%3A5000006400%7C5374%3ATech%7C5079%3A5000006401
2026-03-10 17:27:48,TABWEE T90 Android Tablet With GPS 11 Inch Andriod 16 24GB+128GB 8000mAh T615,$139.00,N/A,N/A,https://www.ebay.com/itm/366144621889?_trkparms=5373%3A5000006400%7C5374%3ATech%7C5079%3A5000006415
2026-03-10 17:27:48,"Apple iPad Air 5 M1 (2022) 10.9"" 64GB 256GB - WiFi or Cellular - Good",$289.99,N/A,N/A,https://www.ebay.com/itm/157484606510?_trkparms=5373%3A5000006400%7C5374%3ATech%7C5079%3A5000006415
2026-03-10 17:27:48,Apple iPad Pro 12.9″ (5th Gen 2021) Wi-Fi M1 Excellent Condition 1 Year Warranty,$499.95,N/A,N/A,https://www.ebay.com/itm/227211848353?_trkparms=5373%3A5000006400%7C5374%3ATech%7C5079%3A5000006415
2026-03-10 17:27:48,"Apple iPad Pro6 Tablet 12.9"" 6th Gen 2022 WiFi / 5G Models Pro 6 -M2 Very Good",$599.95,N/A,N/A,https://www.ebay.com/itm/364759523674?_trkparms=5373%3A5000006400%7C5374%3ATech%7C5079%3A5000006415
2026-03-10 17:27:48,Apple AirPods Pro 2nd Generation Gen 2 2023 A2968 with Magsafe USB-C Charging,$139.95,$250.00,N/A,https://www.ebay.com/itm/285636515887?_trkparms=5373%3A5000006400%7C5374%3ATech%7C5079%3A5000006419
2026-03-10 17:27:48,Anker 737 Power Bank 24000mAh 3-Port Portable Charger 140W for iPhone 14/MacBook,$74.99,$159.99,N/A,https://www.ebay.com/itm/385840234596?_trkparms=5373%3A5000006400%7C5374%3ATech%7C5079%3A5000006419
2026-03-10 17:27:48,Samsung Galaxy Buds+ Plus SM-R175 Bluetooth True Wireless Earbuds 2020 Colors SR,$54.95,N/A,N/A,https://www.ebay.com/itm/185460063087?_trkparms=5373%3A5000006400%7C5374%3ATech%7C5079%3A5000006419
2026-03-10 17:27:48,Apple AirPods Pro 3 Wireless Active Noise Cancelling Earbuds Magsafe MFHP4LL/A,$186.95,N/A,N/A,https://www.ebay.com/itm/277504800257?_trkparms=5373%3A5000006400%7C5374%3ATech%7C5079%3A5000006419
2026-03-10 17:27:48,"2-Bay/4-Bay Hard Drive Enclosure for 3.5""/2.5'' SATA HDD/SSD 10Gbps USB-C 3.2",$75.99,$151.98,N/A,https://www.ebay.com/itm/236532412408?_trkparms=5373%3A5000006400%7C5374%3ATech%7C5079%3A5000006421
2026-03-10 17:27:48,WL OEM 20TB 7.2K RPM SATA 6Gb/s 3.5in Enterprise HDD,$357.46,N/A,N/A,https://www.ebay.com/itm/297831103459?_trkparms=5373%3A5000006400%7C5374%3ATech%7C5079%3A5000006421
2026-03-10 17:27:49,"Samsung - Geek Squad Certified Refurbished T9 Portable SSD 4TB, Up to 2,000MB...",$459.99,N/A,N/A,https://www.ebay.com/itm/205471528497?_trkparms=5373%3A5000006400%7C5374%3ATech%7C5079%3A5000006421
2026-03-10 17:27:49,SAMSUNG SSD 7.68TB 4TB 3.84TB 2TB 1.92TB 1TB 960GB 512GB 500GB 480GB 2.5 6Gbps,$74.99,N/A,N/A,https://www.ebay.com/itm/326859827047?_trkparms=5373%3A5000006400%7C5374%3ATech%7C5079%3A5000006421
2026-03-10 17:27:49,JBL PartyBox 1000 Portable Bluetooth Party Speaker with Full Panel Light Effects,$849.00,"$1,349.95",N/A,https://www.ebay.com/itm/184651964031?_trkparms=5373%3A5000006400%7C5374%3ATech%7C5079%3A5000006403
2026-03-10 17:27:49,"Soundcore Anker Life Q20 Hybrid Active Noise Cancelling Headphones, Wireless",$22.99,$28.74,N/A,https://www.ebay.com/itm/389129473103?_trkparms=5373%3A5000006400%7C5374%3ATech%7C5079%3A5000006403
2026-03-10 17:27:49,Beats Fit Pro Ear Hooks Ear wings Replacement Black White Purple Gray Blue 1Pair,$16.00,N/A,N/A,https://www.ebay.com/itm/376769728164?_trkparms=5373%3A5000006400%7C5374%3ATech%7C5079%3A5000006403
2026-03-10 17:27:49,JBL JBLPARTYBOXULTAM-Z PartyBox Ultimate Speaker - Certified Refurbished,"$1,199.99","$1,899.95",N/A,https://www.ebay.com/itm/135712104253?_trkparms=5373%3A5000006400%7C5374%3ATech%7C5079%3A5000006403
2026-03-10 17:27:49,Bundle: Canon SELPHY CP1500 Compact Photo Printer White with KP-108IN Paper Set,$203.99,$299.99,N/A,https://www.ebay.com/itm/196220534433?_trkparms=5373%3A5000006400%7C5374%3ATech%7C5079%3A5000006417
2026-03-10 17:27:49,Genuine HP 646A CF032AC Yellow High Yield Toner 12.5K HP LaserJet CM4540 MFP NEW,$19.00,$39.00,N/A,https://www.ebay.com/itm/305583237926?_trkparms=5373%3A5000006400%7C5374%3ATech%7C5079%3A5000006417
2026-03-10 17:27:49,Genuine HP 646A CF033AC Magenta High Yield Toner 12.5K LaserJet CM4540 MFP NEW,$17.99,$37.99,N/A,https://www.ebay.com/itm/305583258247?_trkparms=5373%3A5000006400%7C5374%3ATech%7C5079%3A5000006417
2026-03-10 17:27:49,Canon Selphy CP1500 Wireless Compact Photo Printer (Black),$179.00,$199.00,N/A,https://www.ebay.com/itm/376377515182?_trkparms=5373%3A5000006400%7C5374%3ATech%7C5079%3A5000006417
2026-03-10 17:27:49,REDTIGER 4K Dash Cam Front and Rear with AI-Powered Driver Assistance G-Sensor,$79.99,$139.99,N/A,https://www.ebay.com/itm/285933024479?_trkparms=5373%3A5000006400%7C5374%3ATech%7C5079%3A5000006432
2026-03-10 17:27:49,MUCAR 892BT Full Systems Car Bidirectional Diagnostic Scan Tool Life Free Update,$489.00,$569.00,N/A,https://www.ebay.com/itm/397321692203?_trkparms=5373%3A5000006400%7C5374%3ATech%7C5079%3A5000006432
2026-03-10 17:27:49,2026 Thinkscan Plus S7 Car OBD2 Scanner Auto Diagnostic Tool ABS SRS BCM IC AC,$125.99,$189.99,N/A,https://www.ebay.com/itm/394131576153?_trkparms=5373%3A5000006400%7C5374%3ATech%7C5079%3A5000006432
2026-03-10 17:27:49,"REDTIGER F17 4K 3 Channel Dash Cam, 5G WiFi Front and Rear Inside 64GB SD Card",$159.99,$219.99,N/A,https://www.ebay.com/itm/285472410074?_trkparms=5373%3A5000006400%7C5374%3ATech%7C5079%3A5000006432
2026-03-10 17:27:49,Olympus OM System 12-40mm f2.8 M.Zuiko ED PRO II Lens Micro 4/3 MFT,$699.00,N/A,N/A,https://www.ebay.com/itm/205996230549?_trkparms=5373%3A5000006400%7C5374%3ATech%7C5079%3A5000006425
2026-03-10 17:27:49,"PANASONIC LUMIX G Leica DG ELMARIT Professional Lens, 200mm, F2.8 ASPH,","$2,339.95","$3,626.99",N/A,https://www.ebay.com/itm/197772160091?_trkparms=5373%3A5000006400%7C5374%3ATech%7C5079%3A5000006425
2026-03-10 17:27:49,Sony FE 24-70mm f/2.8 GM II Lens - Fast USA Shipping!,"$2,299.00",N/A,N/A,https://www.ebay.com/itm/206009821598?_trkparms=5373%3A5000006400%7C5374%3ATech%7C5079%3A5000006425
2026-03-10 17:27:49,Sony FE 70-200mm f2.8 GM OSS II Lens SEL70200GM2 *Sony USA Warranty,"$2,889.00",N/A,N/A,https://www.ebay.com/itm/147103302859?_trkparms=5373%3A5000006400%7C5374%3ATech%7C5079%3A5000006425
2026-03-10 17:27:49,JBL PartyBox 1000 Portable Bluetooth Party Speaker with Full Panel Light Effects,$849.00,"$1,349.95",N/A,https://www.ebay.com/itm/184651964031?_trkparms=5373%3A5000006400%7C5374%3ATech%7C5079%3A5000006413
2026-03-10 17:27:49,Samsung HW-B750F 5.1ch Bluetooth Soundbar with Wireless Subwoofer – 2025 Model,$218.00,$599.95,N/A,https://www.ebay.com/itm/157040074913?_trkparms=5373%3A5000006400%7C5374%3ATech%7C5079%3A5000006413
2026-03-10 17:27:50,"Bose Solo Soundbar 2 Home Theater, Certified Refurbished",$93.00,$199.00,N/A,https://www.ebay.com/itm/167031735841?_trkparms=5373%3A5000006400%7C5374%3ATech%7C5079%3A5000006413
2026-03-10 17:27:50,"Soundcore Anker Life Q20 Hybrid Active Noise Cancelling Headphones, Wireless",$22.99,$28.74,N/A,https://www.ebay.com/itm/389129473103?_trkparms=5373%3A5000006400%7C5374%3ATech%7C5079%3A5000006413
2026-03-10 17:27:50,Apple Pencil (USB-C) - White Stylus MUWA3AM/A with Pixel-Perfect Precision,$51.82,$56.95,N/A,https://www.ebay.com/itm/296262723993?_trkparms=5373%3A5000006400%7C5374%3ATech%7C5079%3A5000006427
2026-03-10 17:27:50,Belkin Thunderbolt 3 Dock Pro (Certified Refurbished) - Space Grey,$72.00,$179.99,N/A,https://www.ebay.com/itm/127463179236?_trkparms=5373%3A5000006400%7C5374%3ATech%7C5079%3A5000006427
2026-03-10 17:27:50,Belkin USB-C Multimedia Hub (Certified Refurbished) - Silver,$40.00,$99.99,N/A,https://www.ebay.com/itm/127463179126?_trkparms=5373%3A5000006400%7C5374%3ATech%7C5079%3A5000006427
2026-03-10 17:27:50,Belkin Thunderbolt 3 Dock Plus (Certified Refurbished) - Black,$100.00,$249.99,N/A,https://www.ebay.com/itm/127463179800?_trkparms=5373%3A5000006400%7C5374%3ATech%7C5079%3A5000006427
2026-03-10 17:27:50,Apple iPhone 16 128GB Unlocked Smartphone A3081 Good Condition,$499.00,$701.00,N/A,https://www.ebay.com/itm/227050861810?_trkparms=5373%3A5000006400%7C5374%3ATech%7C5079%3A5000006411
2026-03-10 17:27:50,Samsung Galaxy S21 5G 128GB G991U Unlocked - Good,$134.99,$799.99,N/A,https://www.ebay.com/itm/254987231741?_trkparms=5373%3A5000006400%7C5374%3ATech%7C5079%3A5000006411
2026-03-10 17:27:50,Apple iPhone 15 Pro 512GB Unlocked AT&T T-Mobile Verizon Very Good Condition,$528.95,"$1,299.95",N/A,https://www.ebay.com/itm/296106949477?_trkparms=5373%3A5000006400%7C5374%3ATech%7C5079%3A5000006411
2026-03-10 17:27:50,Apple AirPods Pro 2nd Generation Gen 2 2023 A2968 with Magsafe USB-C Charging,$139.95,$250.00,N/A,https://www.ebay.com/itm/285636515887?_trkparms=5373%3A5000006400%7C5374%3ATech%7C5079%3A5000006411
2026-03-10 17:27:50,"LG UltraWide 34"" WQHD HDR 10 120Hz 5ms Curved Monitor Black 34U62TB-B 2025 Model",$189.99,$399.99,N/A,https://www.ebay.com/itm/136761082570?_trkparms=5373%3A5000006400%7C5374%3ATech%7C5079%3A5000006405
2026-03-10 17:27:50,"HP 524pf 24"" Class Full HD LCD Monitor - 16:9 - Jet Black",$135.69,$199.00,N/A,https://www.ebay.com/itm/306372024621?_trkparms=5373%3A5000006400%7C5374%3ATech%7C5079%3A5000006405
2026-03-10 17:27:50,"Refurbished HUION Kamvas Pro 19 18.4"" UHD Drawing Tablet Touch Screen PenTech4.0",$729.00,N/A,N/A,https://www.ebay.com/itm/335438627589?_trkparms=5373%3A5000006400%7C5374%3ATech%7C5079%3A5000006405
2026-03-10 17:27:50,"Refurbished HUION Kamvas 13 (Gen 3) 13.3"" Graphic Tablet Pen Display PenTech4.0",$169.00,N/A,N/A,https://www.ebay.com/itm/335778622198?_trkparms=5373%3A5000006400%7C5374%3ATech%7C5079%3A5000006405
2026-03-10 17:55:21,Apple iPhone 15 Pro 256GB Unlocked AT&T T-Mobile Verizon Excellent Condition,$523.95,"$1,099.00",Free shipping,https://www.ebay.com/itm/305315521632?_trkparms=5373%3A5000006400%7C5374%3ATech%7C5079%3A5000006400
2026-03-10 17:55:21,Samsung Galaxy S23 128GB S911U Unlocked - Excellent,$239.99,$799.99,N/A,https://www.ebay.com/itm/256372271129?_trkparms=5373%3A5000006400%7C5374%3ATech%7C5079%3A5000006400
2026-03-10 17:55:21,Samsung Galaxy S21 5G 128GB G991U Unlocked - Good,$134.99,$799.99,N/A,https://www.ebay.com/itm/254987231741?_trkparms=5373%3A5000006400%7C5374%3ATech%7C5079%3A5000006400
2026-03-10 17:55:21,Samsung Galaxy S23 Ultra S918U1 256GB Unlocked - Very Good Refurbished,$402.99,$999.99,N/A,https://www.ebay.com/itm/205816814214?_trkparms=5373%3A5000006400%7C5374%3ATech%7C5079%3A5000006400
2026-03-10 17:55:21,Samsung Galaxy S23 Ultra 256GB S918U Unlocked - Very Good,$385.99,"$1,199.99",N/A,https://www.ebay.com/itm/256379350872?_trkparms=5373%3A5000006400%7C5374%3ATech%7C5079%3A5000006400
2026-03-10 17:55:22,"Microsoft Xbox Wireless Controller For Xbox Series X / S, Xbox One & Windows PC",$45.95,$80.00,N/A,https://www.ebay.com/itm/275287871839?_trkparms=5373%3A5000006400%7C5374%3ATech%7C5079%3A5000006400
2026-03-10 17:55:22,Apple iPhone 14 Pro 256GB Unlocked - Excellent,$414.99,"$1,099.00",N/A,https://www.ebay.com/itm/257331960588?_trkparms=5373%3A5000006400%7C5374%3ATech%7C5079%3A5000006400
2026-03-10 17:55:22,Samsung Galaxy S22+ 128GB S906U Unlocked - Good,$163.99,$999.99,N/A,https://www.ebay.com/itm/255803826545?_trkparms=5373%3A5000006400%7C5374%3ATech%7C5079%3A5000006400
2026-03-10 17:55:22,Apple iPhone 15 256GB Factory Unlocked AT&T T-Mobile Verizon Very Good Condition,$423.95,$899.00,N/A,https://www.ebay.com/itm/296120880922?_trkparms=5373%3A5000006400%7C5374%3ATech%7C5079%3A5000006400
2026-03-10 17:55:22,Samsung Galaxy Watch4 Classic R880 42mm Black GPS + WiFi + Bluetooth - Very Good,$40.99,$199.99,N/A,https://www.ebay.com/itm/313891339572?_trkparms=5373%3A5000006400%7C5374%3ATech%7C5079%3A5000006400
2026-03-10 17:55:22,Google Pixel 8 Pro 256GB Unlocked - Excellent,$365.99,$859.00,N/A,https://www.ebay.com/itm/257161120994?_trkparms=5373%3A5000006400%7C5374%3ATech%7C5079%3A5000006400
2026-03-10 17:55:22,Samsung Galaxy S24+ 256GB S926U Unlocked - Excellent,$431.99,$999.99,N/A,https://www.ebay.com/itm/256602372474?_trkparms=5373%3A5000006400%7C5374%3ATech%7C5079%3A5000006400
2026-03-10 17:55:22,Apple iPhone 14 Pro 256GB Unlocked - Very Good,$385.99,"$1,099.00",N/A,https://www.ebay.com/itm/257331960624?_trkparms=5373%3A5000006400%7C5374%3ATech%7C5079%3A5000006400
2026-03-10 17:55:22,Apple Pencil (USB-C) - White Stylus MUWA3AM/A with Pixel-Perfect Precision,$51.82,$56.95,N/A,https://www.ebay.com/itm/296262723993?_trkparms=5373%3A5000006400%7C5374%3ATech%7C5079%3A5000006400
2026-03-10 17:55:22,"Google Pixel 9 Pro 256GB 6.3"" 5G Fully Unlocked, Excellent - Has LCD Shadow",$394.99,$999.00,N/A,https://www.ebay.com/itm/406685045390?_trkparms=5373%3A5000006400%7C5374%3ATech%7C5079%3A5000006400
2026-03-10 17:55:22,Apple iPhone 16 Plus 128GB Unlocked Good Condition,$509.00,$714.00,N/A,https://www.ebay.com/itm/227011332517?_trkparms=5373%3A5000006400%7C5374%3ATech%7C5079%3A5000006400
2026-03-10 17:55:22,Apple iPhone 16 256GB Factory Unlocked AT&T T-Mobile Verizon Very Good Condition,$586.95,$899.00,N/A,https://www.ebay.com/itm/296819057702?_trkparms=5373%3A5000006400%7C5374%3ATech%7C5079%3A5000006400
2026-03-10 17:55:22,"Bose Solo Soundbar 2 Home Theater, Certified Refurbished",$93.00,$199.00,N/A,https://www.ebay.com/itm/167031735841?_trkparms=5373%3A5000006400%7C5374%3ATech%7C5079%3A5000006400
2026-03-10 17:55:22,Apple iPhone 16 Pro 256GB Unlocked Excellent Condition,$689.00,$948.00,N/A,https://www.ebay.com/itm/226983072197?_trkparms=5373%3A5000006400%7C5374%3ATech%7C5079%3A5000006400
2026-03-10 17:55:22,Apple iPhone 13 Pro 128GB Unlocked - Excellent,$337.99,$799.99,N/A,https://www.ebay.com/itm/256446109451?_trkparms=5373%3A5000006400%7C5374%3ATech%7C5079%3A5000006400
2026-03-10 17:55:22,Apple iPhone 13 Pro Max 128GB Unlocked - Very Good,$370.99,"$1,199.99",N/A,https://www.ebay.com/itm/256488375003?_trkparms=5373%3A5000006400%7C5374%3ATech%7C5079%3A5000006400
2026-03-10 17:55:22,Samsung Galaxy S23+ 256GB S916U Unlocked - Good,$269.99,$999.99,N/A,https://www.ebay.com/itm/256372558330?_trkparms=5373%3A5000006400%7C5374%3ATech%7C5079%3A5000006400
2026-03-10 17:55:22,Apple iPhone 16 Pro 512GB Unlocked Good Condition,$669.00,$969.00,N/A,https://www.ebay.com/itm/227030019541?_trkparms=5373%3A5000006400%7C5374%3ATech%7C5079%3A5000006400
2026-03-10 17:55:22,Apple Watch Series SE (2nd Gen) 40mm GPS + WiFi + Cellular Unlocked - Good,$99.99,$299.99,N/A,https://www.ebay.com/itm/314605138200?_trkparms=5373%3A5000006400%7C5374%3ATech%7C5079%3A5000006400
2026-03-10 17:55:23,Apple iPhone 13 Pro Max 128GB Unlocked - Good,$356.99,"$1,199.99",N/A,https://www.ebay.com/itm/256880902001?_trkparms=5373%3A5000006400%7C5374%3ATech%7C5079%3A5000006400
2026-03-10 17:55:23,Apple iPhone 12 Pro Max 128GB Fully Unlocked - EXCELLENT Condition,$326.99,$499.99,N/A,https://www.ebay.com/itm/225966696293?_trkparms=5373%3A5000006400%7C5374%3ATech%7C5079%3A5000006400
2026-03-10 17:55:23,eufy SoloCam S340 Outdoor Solar Security Camera 3K Dual-Camera Pan&Tilt 8xZoom,$105.00,$199.99,N/A,https://www.ebay.com/itm/387549414157?_trkparms=5373%3A5000006400%7C5374%3ATech%7C5079%3A5000006400
2026-03-10 17:55:23,Apple iPhone 12 128GB - Fully Unlocked - VERY GOOD Condition,$216.99,$499.99,N/A,https://www.ebay.com/itm/225936656368?_trkparms=5373%3A5000006400%7C5374%3ATech%7C5079%3A5000006400
2026-03-10 17:55:23,Retevis H777 walkie talkie long range Rechargeable 2W FRS Two Way Radios 10 Pack,$109.99,$149.99,Free shipping,https://www.ebay.com/itm/193602869616?_trkparms=5373%3A5000006400%7C5374%3ATech%7C5079%3A5000006400
2026-03-10 17:55:23,Apple iPad Pro 11-inch M4 Chip 256GB Wi-Fi / Cellular Silver MVV93LL/A Good,$697.00,$965.00,N/A,https://www.ebay.com/itm/227037915412?_trkparms=5373%3A5000006400%7C5374%3ATech%7C5079%3A5000006400
2026-03-10 17:55:23,Apple Watch Series 8 41mm GPS + WiFi + Cellular Unlocked Aluminum Case - Good,$147.99,$299.99,N/A,https://www.ebay.com/itm/195779072047?_trkparms=5373%3A5000006400%7C5374%3ATech%7C5079%3A5000006400
2026-03-10 17:55:23,Acer PM161Q 15.6in Portable Monitor FHD 1920x1080 250nit 60Hz 20ms Refurbished,$41.84,$99.99,Free shipping,https://www.ebay.com/itm/276789897235?_trkparms=5373%3A5000006400%7C5374%3ATech%7C5079%3A5000006400
2026-03-10 17:55:23,Samsung Galaxy S22+ 128GB S906U Unlocked - Very Good,$182.99,$999.99,Free shipping,https://www.ebay.com/itm/255788146958?_trkparms=5373%3A5000006400%7C5374%3ATech%7C5079%3A5000006400
2026-03-10 17:55:23,"Lenovo Legion 5 15.1"" WQXGA 165Hz Ultra 9 275HX 16GB RAM 1TB SSD RTX 5070","$1,499.99","$1,999.99",Free shipping,https://www.ebay.com/itm/306423604443?_trkparms=5373%3A5000006400%7C5374%3ATech%7C5079%3A5000006400
2026-03-10 17:55:23,Samsung Galaxy Watch Ultra (2025) 47MM LTE Unlocked L705U Smartwatch - Excellent,$354.99,N/A,Free shipping,https://www.ebay.com/itm/227111541415?_trkparms=5373%3A5000006400%7C5374%3ATech%7C5079%3A5000006400
2026-03-10 17:55:23,"Bose QuietComfort Ultra Noise Cancelling Headphones, Certified Refurbished",$215.00,$229.00,Free shipping,https://www.ebay.com/itm/166708867898?_trkparms=5373%3A5000006400%7C5374%3ATech%7C5079%3A5000006400
2026-03-10 17:55:23,Apple - HomePod mini,$94.95,$118.99,Free shipping,https://www.ebay.com/itm/326656443193?_trkparms=5373%3A5000006400%7C5374%3ATech%7C5079%3A5000006400
2026-03-10 17:55:23,"LG OLED77G5WUA 77"" G5 4K UHD OLED evo Smart TV w/ Wall Mount","$2,299.00",N/A,Free shipping,https://www.ebay.com/itm/297737539543?_trkparms=5373%3A5000006400%7C5374%3ATech%7C5079%3A5000006400
2026-03-10 17:55:23,"Apple 2022 iPad Pro, 12.9-inch, Wi-Fi + Cellular, 256GB, Silver - Excellent",$592.99,"$1,399.00",Free shipping,https://www.ebay.com/itm/406710862765?_trkparms=5373%3A5000006400%7C5374%3ATech%7C5079%3A5000006400
2026-03-10 17:55:23,"HP EliteBook 840 G7 14"" 512GB i5-10310U WIN11P, Silver",$225.00,$529.99,Free shipping,https://www.ebay.com/itm/366229051169?_trkparms=5373%3A5000006400%7C5374%3ATech%7C5079%3A5000006400
2026-03-10 17:55:23,eufy SoloCam S3 Solar Wireless Security Camera 360°PTZ 3K Dual-Cam Night Vision,$89.99,$199.99,Free shipping,https://www.ebay.com/itm/386708545260?_trkparms=5373%3A5000006400%7C5374%3ATech%7C5079%3A5000006400
2026-03-10 17:55:23,Apple Watch Ultra GPS & Cellular 49mm Titanium Trail Alpine Loop Ocean Excellent,$297.99,$799.00,Free shipping,https://www.ebay.com/itm/406318312547?_trkparms=5373%3A5000006400%7C5374%3ATech%7C5079%3A5000006400
2026-03-10 17:55:24,REDTIGER F7NP 128GB Dash Camera Front and Rear 4K Dash Cam With WiFi&GPS,$129.99,$189.99,Free shipping,https://www.ebay.com/itm/286761406185?_trkparms=5373%3A5000006400%7C5374%3ATech%7C5079%3A5000006400
2026-03-10 17:55:24,Apple iPhone 16 128GB Unlocked Smartphone A3081 Good Condition,$499.00,$701.00,Free shipping,https://www.ebay.com/itm/227050861810?_trkparms=5373%3A5000006400%7C5374%3ATech%7C5079%3A5000006423
2026-03-10 17:55:24,Samsung Galaxy S21 5G 128GB G991U Unlocked - Good,$134.99,$799.99,Free shipping,https://www.ebay.com/itm/254987231741?_trkparms=5373%3A5000006400%7C5374%3ATech%7C5079%3A5000006423
2026-03-10 17:55:24,Apple iPhone 15 Pro 512GB Unlocked AT&T T-Mobile Verizon Very Good Condition,$528.95,"$1,299.95",Free shipping,https://www.ebay.com/itm/296106949477?_trkparms=5373%3A5000006400%7C5374%3ATech%7C5079%3A5000006423
2026-03-10 17:55:24,Samsung Galaxy S24+ 256GB S926U Unlocked - Excellent,$431.99,$999.99,Free shipping,https://www.ebay.com/itm/256602372474?_trkparms=5373%3A5000006400%7C5374%3ATech%7C5079%3A5000006423
2026-03-10 17:55:24,"HP OmniBook X 14-fk00 2-in-1 14"" Touch Laptop, Ryzen 7, 24GB, 1TB, Windows",$599.99,$999.99,Free shipping,https://www.ebay.com/itm/167860839015?_trkparms=5373%3A5000006400%7C5374%3ATech%7C5079%3A5000006407
2026-03-10 17:55:24,"Acer Swift Go 14"" Laptop Intel Core Ultra 7 155H 16GB RAM 1TB SSD Refurbished",$371.99,$799.99,Free shipping,https://www.ebay.com/itm/276709583737?_trkparms=5373%3A5000006400%7C5374%3ATech%7C5079%3A5000006407
2026-03-10 17:55:24,"2021 Apple M1 Pro MacBook Pro 16"" 32GB/512GB SSD - (Space Gray) A2485 w/Warranty",$795.15,"$2,699.00",Free shipping,https://www.ebay.com/itm/146647402645?_trkparms=5373%3A5000006400%7C5374%3ATech%7C5079%3A5000006407
2026-03-10 17:55:24,"HP EliteBook 845 G8 14"" FHD IPS AMD Ryzen 5 PRO 5650U 32GB 256GB SSD W11P Laptop",$369.00,$799.99,Free shipping,https://www.ebay.com/itm/376992070163?_trkparms=5373%3A5000006400%7C5374%3ATech%7C5079%3A5000006407
2026-03-10 17:55:24,Samsung HW-B750F 5.1ch Bluetooth Soundbar with Wireless Subwoofer – 2025 Model,$218.00,$599.95,Free shipping,https://www.ebay.com/itm/157040074913?_trkparms=5373%3A5000006400%7C5374%3ATech%7C5079%3A5000006409
2026-03-10 17:55:24,"Bose Solo Soundbar 2 Home Theater, Certified Refurbished",$93.00,$199.00,Free shipping,https://www.ebay.com/itm/167031735841?_trkparms=5373%3A5000006400%7C5374%3ATech%7C5079%3A5000006409
2026-03-10 17:55:24,Epson BrightLink 1485Fi FHD 5000Lumen 3LCD Interactive Classroom Laser Projector,"$1,357.00","$3,099.00",Free shipping,https://www.ebay.com/itm/175297139043?_trkparms=5373%3A5000006400%7C5374%3ATech%7C5079%3A5000006409
2026-03-10 17:55:24,Samsung 656W 11.1.4-Ch 656W Dolby Atmos Soundbar System HW-Q990D/ZA,$829.98,"$1,599.99",Free shipping,https://www.ebay.com/itm/395482986060?_trkparms=5373%3A5000006400%7C5374%3ATech%7C5079%3A5000006409
2026-03-10 17:55:24,SVBONY MK127 127mm Telescope Professional Maksutov-Cassegrain Planetary Visual,$479.99,$533.32,Free shipping,https://www.ebay.com/itm/197423012127?_trkparms=5373%3A5000006400%7C5374%3ATech%7C5079%3A5000006430
2026-03-10 17:55:24,SVBONY SV48P 102mm f/6.5 Telescope Astronomical Professional for Observation,$229.99,$333.32,Free shipping,https://www.ebay.com/itm/196534578698?_trkparms=5373%3A5000006400%7C5374%3ATech%7C5079%3A5000006430
2026-03-10 17:55:24,OM System Olympus OM-1 20MP Stacked Sensor Mirrorless Camera,$875.00,N/A,Free shipping,https://www.ebay.com/itm/205975048161?_trkparms=5373%3A5000006400%7C5374%3ATech%7C5079%3A5000006430
2026-03-10 17:55:24,OM System Olympus OM-1 Mirrorless Camera w/12-40mm f/2.8 Pro II Lens,"$1,499.00",N/A,Free shipping,https://www.ebay.com/itm/147075451628?_trkparms=5373%3A5000006400%7C5374%3ATech%7C5079%3A5000006430
2026-03-10 17:55:24,Nintendo Switch OLED 64GB Game Console + 1 Year🛡️ Warranty | 2-Day Shipping📦✈️,$249.95,$399.99,Free shipping,https://www.ebay.com/itm/357950678927?_trkparms=5373%3A5000006400%7C5374%3ATech%7C5079%3A5000006401
2026-03-10 17:55:25,Nex Playground Active Play System Motion Gaming Console AI Controller New OB,$179.99,$199.99,Free shipping,https://www.ebay.com/itm/389679669427?_trkparms=5373%3A5000006400%7C5374%3ATech%7C5079%3A5000006401
2026-03-10 17:55:25,"Gaming Charging Case 20W for Nintendo Switch 2, Sage Green",$69.99,N/A,Free shipping,https://www.ebay.com/itm/127701925145?_trkparms=5373%3A5000006400%7C5374%3ATech%7C5079%3A5000006401
2026-03-10 17:55:25,"Gaming Charging Case 20W for Nintendo Switch 2, Sand",$69.99,N/A,Free shipping,https://www.ebay.com/itm/127701925104?_trkparms=5373%3A5000006400%7C5374%3ATech%7C5079%3A5000006401
2026-03-10 17:55:25,TABWEE T90 Android Tablet With GPS 11 Inch Andriod 16 24GB+128GB 8000mAh T615,$139.00,N/A,Free shipping,https://www.ebay.com/itm/366144621889?_trkparms=5373%3A5000006400%7C5374%3ATech%7C5079%3A5000006415
2026-03-10 17:55:25,"Apple iPad Air 5 M1 (2022) 10.9"" 64GB 256GB - WiFi or Cellular - Good",$289.99,N/A,Free shipping,https://www.ebay.com/itm/157484606510?_trkparms=5373%3A5000006400%7C5374%3ATech%7C5079%3A5000006415
2026-03-10 17:55:25,Apple iPad Pro 12.9″ (5th Gen 2021) Wi-Fi M1 Excellent Condition 1 Year Warranty,$499.95,N/A,Free shipping,https://www.ebay.com/itm/227211848353?_trkparms=5373%3A5000006400%7C5374%3ATech%7C5079%3A5000006415
2026-03-10 17:55:25,"Apple iPad Pro6 Tablet 12.9"" 6th Gen 2022 WiFi / 5G Models Pro 6 -M2 Very Good",$599.95,N/A,Free shipping,https://www.ebay.com/itm/364759523674?_trkparms=5373%3A5000006400%7C5374%3ATech%7C5079%3A5000006415
2026-03-10 17:55:25,Apple AirPods Pro 2nd Generation Gen 2 2023 A2968 with Magsafe USB-C Charging,$139.95,$250.00,Free shipping,https://www.ebay.com/itm/285636515887?_trkparms=5373%3A5000006400%7C5374%3ATech%7C5079%3A5000006419
2026-03-10 17:55:25,Anker 737 Power Bank 24000mAh 3-Port Portable Charger 140W for iPhone 14/MacBook,$74.99,$159.99,Free shipping,https://www.ebay.com/itm/385840234596?_trkparms=5373%3A5000006400%7C5374%3ATech%7C5079%3A5000006419
2026-03-10 17:55:25,Samsung Galaxy Buds+ Plus SM-R175 Bluetooth True Wireless Earbuds 2020 Colors SR,$54.95,N/A,Free shipping,https://www.ebay.com/itm/185460063087?_trkparms=5373%3A5000006400%7C5374%3ATech%7C5079%3A5000006419
2026-03-10 17:55:25,Apple AirPods Pro 3 Wireless Active Noise Cancelling Earbuds Magsafe MFHP4LL/A,$186.95,N/A,Free shipping,https://www.ebay.com/itm/277504800257?_trkparms=5373%3A5000006400%7C5374%3ATech%7C5079%3A5000006419
2026-03-10 17:55:25,"2-Bay/4-Bay Hard Drive Enclosure for 3.5""/2.5'' SATA HDD/SSD 10Gbps USB-C 3.2",$75.99,$151.98,Free shipping,https://www.ebay.com/itm/236532412408?_trkparms=5373%3A5000006400%7C5374%3ATech%7C5079%3A5000006421
2026-03-10 17:55:25,WL OEM 20TB 7.2K RPM SATA 6Gb/s 3.5in Enterprise HDD,$357.46,N/A,Free shipping,https://www.ebay.com/itm/297831103459?_trkparms=5373%3A5000006400%7C5374%3ATech%7C5079%3A5000006421
2026-03-10 17:55:25,"Samsung - Geek Squad Certified Refurbished T9 Portable SSD 4TB, Up to 2,000MB...",$459.99,N/A,Free shipping,https://www.ebay.com/itm/205471528497?_trkparms=5373%3A5000006400%7C5374%3ATech%7C5079%3A5000006421
2026-03-10 17:55:25,SAMSUNG SSD 7.68TB 4TB 3.84TB 2TB 1.92TB 1TB 960GB 512GB 500GB 480GB 2.5 6Gbps,$74.99,N/A,Free shipping,https://www.ebay.com/itm/326859827047?_trkparms=5373%3A5000006400%7C5374%3ATech%7C5079%3A5000006421
2026-03-10 17:55:25,JBL PartyBox 1000 Portable Bluetooth Party Speaker with Full Panel Light Effects,$849.00,"$1,349.95",Free shipping,https://www.ebay.com/itm/184651964031?_trkparms=5373%3A5000006400%7C5374%3ATech%7C5079%3A5000006403
2026-03-10 17:55:25,"Soundcore Anker Life Q20 Hybrid Active Noise Cancelling Headphones, Wireless",$22.99,$28.74,Free shipping,https://www.ebay.com/itm/389129473103?_trkparms=5373%3A5000006400%7C5374%3ATech%7C5079%3A5000006403
2026-03-10 17:55:25,Beats Fit Pro Ear Hooks Ear wings Replacement Black White Purple Gray Blue 1Pair,$16.00,N/A,Free shipping,https://www.ebay.com/itm/376769728164?_trkparms=5373%3A5000006400%7C5374%3ATech%7C5079%3A5000006403
2026-03-10 17:55:25,JBL JBLPARTYBOXULTAM-Z PartyBox Ultimate Speaker - Certified Refurbished,"$1,199.99","$1,899.95",Free shipping,https://www.ebay.com/itm/135712104253?_trkparms=5373%3A5000006400%7C5374%3ATech%7C5079%3A5000006403
2026-03-10 17:55:26,Bundle: Canon SELPHY CP1500 Compact Photo Printer White with KP-108IN Paper Set,$203.99,$299.99,Free shipping,https://www.ebay.com/itm/196220534433?_trkparms=5373%3A5000006400%7C5374%3ATech%7C5079%3A5000006417
2026-03-10 17:55:26,Genuine HP 646A CF032AC Yellow High Yield Toner 12.5K HP LaserJet CM4540 MFP NEW,$19.00,$39.00,Free shipping,https://www.ebay.com/itm/305583237926?_trkparms=5373%3A5000006400%7C5374%3ATech%7C5079%3A5000006417
2026-03-10 17:55:26,Genuine HP 646A CF033AC Magenta High Yield Toner 12.5K LaserJet CM4540 MFP NEW,$17.99,$37.99,Free shipping,https://www.ebay.com/itm/305583258247?_trkparms=5373%3A5000006400%7C5374%3ATech%7C5079%3A5000006417
2026-03-10 17:55:26,Canon Selphy CP1500 Wireless Compact Photo Printer (Black),$179.00,$199.00,Free shipping,https://www.ebay.com/itm/376377515182?_trkparms=5373%3A5000006400%7C5374%3ATech%7C5079%3A5000006417
2026-03-10 17:55:26,REDTIGER 4K Dash Cam Front and Rear with AI-Powered Driver Assistance G-Sensor,$79.99,$139.99,Free shipping,https://www.ebay.com/itm/285933024479?_trkparms=5373%3A5000006400%7C5374%3ATech%7C5079%3A5000006432
2026-03-10 17:55:26,MUCAR 892BT Full Systems Car Bidirectional Diagnostic Scan Tool Life Free Update,$489.00,$569.00,Free shipping,https://www.ebay.com/itm/397321692203?_trkparms=5373%3A5000006400%7C5374%3ATech%7C5079%3A5000006432
2026-03-10 17:55:26,2026 Thinkscan Plus S7 Car OBD2 Scanner Auto Diagnostic Tool ABS SRS BCM IC AC,$125.99,$189.99,Free shipping,https://www.ebay.com/itm/394131576153?_trkparms=5373%3A5000006400%7C5374%3ATech%7C5079%3A5000006432
2026-03-10 17:55:26,"REDTIGER F17 4K 3 Channel Dash Cam, 5G WiFi Front and Rear Inside 64GB SD Card",$159.99,$219.99,Free shipping,https://www.ebay.com/itm/285472410074?_trkparms=5373%3A5000006400%7C5374%3ATech%7C5079%3A5000006432
2026-03-10 17:55:26,Olympus OM System 12-40mm f2.8 M.Zuiko ED PRO II Lens Micro 4/3 MFT,$699.00,N/A,Free shipping,https://www.ebay.com/itm/205996230549?_trkparms=5373%3A5000006400%7C5374%3ATech%7C5079%3A5000006425
2026-03-10 17:55:26,"PANASONIC LUMIX G Leica DG ELMARIT Professional Lens, 200mm, F2.8 ASPH,","$2,339.95","$3,626.99",Free shipping,https://www.ebay.com/itm/197772160091?_trkparms=5373%3A5000006400%7C5374%3ATech%7C5079%3A5000006425
2026-03-10 17:55:26,Sony FE 24-70mm f/2.8 GM II Lens - Fast USA Shipping!,"$2,299.00",N/A,Free shipping,https://www.ebay.com/itm/206009821598?_trkparms=5373%3A5000006400%7C5374%3ATech%7C5079%3A5000006425
2026-03-10 17:55:26,Sony FE 70-200mm f2.8 GM OSS II Lens SEL70200GM2 *Sony USA Warranty,"$2,889.00",N/A,Free shipping,https://www.ebay.com/itm/147103302859?_trkparms=5373%3A5000006400%7C5374%3ATech%7C5079%3A5000006425
2026-03-10 17:55:27,JBL PartyBox 1000 Portable Bluetooth Party Speaker with Full Panel Light Effects,$849.00,"$1,349.95",Free shipping,https://www.ebay.com/itm/184651964031?_trkparms=5373%3A5000006400%7C5374%3ATech%7C5079%3A5000006413
2026-03-10 17:55:27,Samsung HW-B750F 5.1ch Bluetooth Soundbar with Wireless Subwoofer – 2025 Model,$218.00,$599.95,Free shipping,https://www.ebay.com/itm/157040074913?_trkparms=5373%3A5000006400%7C5374%3ATech%7C5079%3A5000006413
2026-03-10 17:55:27,"Bose Solo Soundbar 2 Home Theater, Certified Refurbished",$93.00,$199.00,Free shipping,https://www.ebay.com/itm/167031735841?_trkparms=5373%3A5000006400%7C5374%3ATech%7C5079%3A5000006413
2026-03-10 17:55:27,"Soundcore Anker Life Q20 Hybrid Active Noise Cancelling Headphones, Wireless",$22.99,$28.74,Free shipping,https://www.ebay.com/itm/389129473103?_trkparms=5373%3A5000006400%7C5374%3ATech%7C5079%3A5000006413
2026-03-10 17:55:27,Apple Pencil (USB-C) - White Stylus MUWA3AM/A with Pixel-Perfect Precision,$51.82,$56.95,Free shipping,https://www.ebay.com/itm/296262723993?_trkparms=5373%3A5000006400%7C5374%3ATech%7C5079%3A5000006427
2026-03-10 17:55:27,Belkin Thunderbolt 3 Dock Pro (Certified Refurbished) - Space Grey,$72.00,$179.99,Free shipping,https://www.ebay.com/itm/127463179236?_trkparms=5373%3A5000006400%7C5374%3ATech%7C5079%3A5000006427
2026-03-10 17:55:27,Belkin USB-C Multimedia Hub (Certified Refurbished) - Silver,$40.00,$99.99,Free shipping,https://www.ebay.com/itm/127463179126?_trkparms=5373%3A5000006400%7C5374%3ATech%7C5079%3A5000006427
2026-03-10 17:55:27,Belkin Thunderbolt 3 Dock Plus (Certified Refurbished) - Black,$100.00,$249.99,Free shipping,https://www.ebay.com/itm/127463179800?_trkparms=5373%3A5000006400%7C5374%3ATech%7C5079%3A5000006427
2026-03-10 17:55:28,Apple iPhone 16 128GB Unlocked Smartphone A3081 Good Condition,$499.00,$701.00,Free shipping,https://www.ebay.com/itm/227050861810?_trkparms=5373%3A5000006400%7C5374%3ATech%7C5079%3A5000006411
2026-03-10 17:55:28,Samsung Galaxy S21 5G 128GB G991U Unlocked - Good,$134.99,$799.99,Free shipping,https://www.ebay.com/itm/254987231741?_trkparms=5373%3A5000006400%7C5374%3ATech%7C5079%3A5000006411
2026-03-10 17:55:28,Apple iPhone 15 Pro 512GB Unlocked AT&T T-Mobile Verizon Very Good Condition,$528.95,"$1,299.95",Free shipping,https://www.ebay.com/itm/296106949477?_trkparms=5373%3A5000006400%7C5374%3ATech%7C5079%3A5000006411
2026-03-10 17:55:28,Apple AirPods Pro 2nd Generation Gen 2 2023 A2968 with Magsafe USB-C Charging,$139.95,$250.00,Free shipping,https://www.ebay.com/itm/285636515887?_trkparms=5373%3A5000006400%7C5374%3ATech%7C5079%3A5000006411
2026-03-10 17:55:28,"LG UltraWide 34"" WQHD HDR 10 120Hz 5ms Curved Monitor Black 34U62TB-B 2025 Model",$189.99,$399.99,Free shipping,https://www.ebay.com/itm/136761082570?_trkparms=5373%3A5000006400%7C5374%3ATech%7C5079%3A5000006405
2026-03-10 17:55:28,"HP 524pf 24"" Class Full HD LCD Monitor - 16:9 - Jet Black",$135.69,$199.00,Free shipping,https://www.ebay.com/itm/306372024621?_trkparms=5373%3A5000006400%7C5374%3ATech%7C5079%3A5000006405
2026-03-10 17:55:28,"Refurbished HUION Kamvas Pro 19 18.4"" UHD Drawing Tablet Touch Screen PenTech4.0",$729.00,N/A,Free shipping,https://www.ebay.com/itm/335438627589?_trkparms=5373%3A5000006400%7C5374%3ATech%7C5079%3A5000006405
2026-03-10 17:55:28,"Refurbished HUION Kamvas 13 (Gen 3) 13.3"" Graphic Tablet Pen Display PenTech4.0",$169.00,N/A,Free shipping,https://www.ebay.com/itm/335778622198?_trkparms=5373%3A5000006400%7C5374%3ATech%7C5079%3A5000006405
2026-03-10 18:03:30,Apple iPhone 15 Pro 256GB Unlocked AT&T T-Mobile Verizon Excellent Condition,$523.95,"$1,099.00",Free shipping,https://www.ebay.com/itm/305315521632?_trkparms=5373%3A5000006400%7C5374%3ATech%7C5079%3A5000006400
2026-03-10 18:03:30,Samsung Galaxy S23 128GB S911U Unlocked - Excellent,$239.99,$799.99,N/A,https://www.ebay.com/itm/256372271129?_trkparms=5373%3A5000006400%7C5374%3ATech%7C5079%3A5000006400
2026-03-10 18:03:30,Samsung Galaxy S21 5G 128GB G991U Unlocked - Good,$134.99,$799.99,N/A,https://www.ebay.com/itm/254987231741?_trkparms=5373%3A5000006400%7C5374%3ATech%7C5079%3A5000006400
2026-03-10 18:03:30,Samsung Galaxy S23 Ultra S918U1 256GB Unlocked - Very Good Refurbished,$402.99,$999.99,N/A,https://www.ebay.com/itm/205816814214?_trkparms=5373%3A5000006400%7C5374%3ATech%7C5079%3A5000006400
2026-03-10 18:03:30,Samsung Galaxy S23 Ultra 256GB S918U Unlocked - Very Good,$385.99,"$1,199.99",N/A,https://www.ebay.com/itm/256379350872?_trkparms=5373%3A5000006400%7C5374%3ATech%7C5079%3A5000006400
2026-03-10 18:03:30,"Microsoft Xbox Wireless Controller For Xbox Series X / S, Xbox One & Windows PC",$45.95,$80.00,N/A,https://www.ebay.com/itm/275287871839?_trkparms=5373%3A5000006400%7C5374%3ATech%7C5079%3A5000006400
2026-03-10 18:03:30,Apple iPhone 14 Pro 256GB Unlocked - Excellent,$414.99,"$1,099.00",N/A,https://www.ebay.com/itm/257331960588?_trkparms=5373%3A5000006400%7C5374%3ATech%7C5079%3A5000006400
2026-03-10 18:03:30,Samsung Galaxy S22+ 128GB S906U Unlocked - Good,$163.99,$999.99,N/A,https://www.ebay.com/itm/255803826545?_trkparms=5373%3A5000006400%7C5374%3ATech%7C5079%3A5000006400
2026-03-10 18:03:30,Apple iPhone 15 256GB Factory Unlocked AT&T T-Mobile Verizon Very Good Condition,$423.95,$899.00,N/A,https://www.ebay.com/itm/296120880922?_trkparms=5373%3A5000006400%7C5374%3ATech%7C5079%3A5000006400
2026-03-10 18:03:30,Samsung Galaxy Watch4 Classic R880 42mm Black GPS + WiFi + Bluetooth - Very Good,$40.99,$199.99,N/A,https://www.ebay.com/itm/313891339572?_trkparms=5373%3A5000006400%7C5374%3ATech%7C5079%3A5000006400
2026-03-10 18:03:31,Google Pixel 8 Pro 256GB Unlocked - Excellent,$365.99,$859.00,N/A,https://www.ebay.com/itm/257161120994?_trkparms=5373%3A5000006400%7C5374%3ATech%7C5079%3A5000006400
2026-03-10 18:03:31,Samsung Galaxy S24+ 256GB S926U Unlocked - Excellent,$431.99,$999.99,N/A,https://www.ebay.com/itm/256602372474?_trkparms=5373%3A5000006400%7C5374%3ATech%7C5079%3A5000006400
2026-03-10 18:03:31,Apple iPhone 14 Pro 256GB Unlocked - Very Good,$385.99,"$1,099.00",N/A,https://www.ebay.com/itm/257331960624?_trkparms=5373%3A5000006400%7C5374%3ATech%7C5079%3A5000006400
2026-03-10 18:03:31,Apple Pencil (USB-C) - White Stylus MUWA3AM/A with Pixel-Perfect Precision,$51.82,$56.95,N/A,https://www.ebay.com/itm/296262723993?_trkparms=5373%3A5000006400%7C5374%3ATech%7C5079%3A5000006400
2026-03-10 18:03:31,"Google Pixel 9 Pro 256GB 6.3"" 5G Fully Unlocked, Excellent - Has LCD Shadow",$394.99,$999.00,N/A,https://www.ebay.com/itm/406685045390?_trkparms=5373%3A5000006400%7C5374%3ATech%7C5079%3A5000006400
2026-03-10 18:03:31,Google Pixel 9 Pro 256GB Unlocked AT&T T-Mobile Verizon Excellent Condition,$519.95,"$1,099.00",N/A,https://www.ebay.com/itm/306727543962?_trkparms=5373%3A5000006400%7C5374%3ATech%7C5079%3A5000006400
2026-03-10 18:03:31,Apple iPhone 16 Plus 128GB Unlocked Good Condition,$509.00,$714.00,N/A,https://www.ebay.com/itm/227011332517?_trkparms=5373%3A5000006400%7C5374%3ATech%7C5079%3A5000006400
2026-03-10 18:03:31,Apple iPhone 16 256GB Factory Unlocked AT&T T-Mobile Verizon Very Good Condition,$586.95,$899.00,N/A,https://www.ebay.com/itm/296819057702?_trkparms=5373%3A5000006400%7C5374%3ATech%7C5079%3A5000006400
2026-03-10 18:03:31,"Bose Solo Soundbar 2 Home Theater, Certified Refurbished",$93.00,$199.00,N/A,https://www.ebay.com/itm/167031735841?_trkparms=5373%3A5000006400%7C5374%3ATech%7C5079%3A5000006400
2026-03-10 18:03:31,Apple iPhone 16 Pro 256GB Unlocked Excellent Condition,$689.00,$948.00,N/A,https://www.ebay.com/itm/226983072197?_trkparms=5373%3A5000006400%7C5374%3ATech%7C5079%3A5000006400
2026-03-10 18:03:31,Apple iPhone 13 Pro 128GB Unlocked - Excellent,$337.99,$799.99,N/A,https://www.ebay.com/itm/256446109451?_trkparms=5373%3A5000006400%7C5374%3ATech%7C5079%3A5000006400
2026-03-10 18:03:31,Apple iPhone 13 Pro Max 128GB Unlocked - Very Good,$370.99,"$1,199.99",N/A,https://www.ebay.com/itm/256488375003?_trkparms=5373%3A5000006400%7C5374%3ATech%7C5079%3A5000006400
2026-03-10 18:03:31,Samsung Galaxy S23+ 256GB S916U Unlocked - Good,$269.99,$999.99,N/A,https://www.ebay.com/itm/256372558330?_trkparms=5373%3A5000006400%7C5374%3ATech%7C5079%3A5000006400
2026-03-10 18:03:31,Apple iPhone 16 Pro 512GB Unlocked Good Condition,$669.00,$969.00,N/A,https://www.ebay.com/itm/227030019541?_trkparms=5373%3A5000006400%7C5374%3ATech%7C5079%3A5000006400
2026-03-10 18:03:31,Apple Watch Series SE (2nd Gen) 40mm GPS + WiFi + Cellular Unlocked - Good,$99.99,$299.99,N/A,https://www.ebay.com/itm/314605138200?_trkparms=5373%3A5000006400%7C5374%3ATech%7C5079%3A5000006400
2026-03-10 18:03:31,Apple iPhone 13 Pro Max 128GB Unlocked - Good,$356.99,"$1,199.99",N/A,https://www.ebay.com/itm/256880902001?_trkparms=5373%3A5000006400%7C5374%3ATech%7C5079%3A5000006400
2026-03-10 18:03:31,Apple iPhone 12 Pro Max 128GB Fully Unlocked - EXCELLENT Condition,$326.99,$499.99,N/A,https://www.ebay.com/itm/225966696293?_trkparms=5373%3A5000006400%7C5374%3ATech%7C5079%3A5000006400
2026-03-10 18:03:31,eufy SoloCam S340 Outdoor Solar Security Camera 3K Dual-Camera Pan&Tilt 8xZoom,$105.00,$199.99,N/A,https://www.ebay.com/itm/387549414157?_trkparms=5373%3A5000006400%7C5374%3ATech%7C5079%3A5000006400
2026-03-10 18:03:32,Apple iPhone 12 128GB - Fully Unlocked - VERY GOOD Condition,$216.99,$499.99,N/A,https://www.ebay.com/itm/225936656368?_trkparms=5373%3A5000006400%7C5374%3ATech%7C5079%3A5000006400
2026-03-10 18:03:32,Retevis H777 walkie talkie long range Rechargeable 2W FRS Two Way Radios 10 Pack,$109.99,$149.99,Free shipping,https://www.ebay.com/itm/193602869616?_trkparms=5373%3A5000006400%7C5374%3ATech%7C5079%3A5000006400
2026-03-10 18:03:32,Apple iPad Pro 11-inch M4 Chip 256GB Wi-Fi / Cellular Silver MVV93LL/A Good,$697.00,$965.00,N/A,https://www.ebay.com/itm/227037915412?_trkparms=5373%3A5000006400%7C5374%3ATech%7C5079%3A5000006400
2026-03-10 18:03:32,Acer PM161Q 15.6in Portable Monitor FHD 1920x1080 250nit 60Hz 20ms Refurbished,$41.84,$99.99,Free shipping,https://www.ebay.com/itm/276789897235?_trkparms=5373%3A5000006400%7C5374%3ATech%7C5079%3A5000006400
2026-03-10 18:03:32,Samsung Galaxy S22+ 128GB S906U Unlocked - Very Good,$182.99,$999.99,Free shipping,https://www.ebay.com/itm/255788146958?_trkparms=5373%3A5000006400%7C5374%3ATech%7C5079%3A5000006400
2026-03-10 18:03:32,"Lenovo Legion 5 15.1"" WQXGA 165Hz Ultra 9 275HX 16GB RAM 1TB SSD RTX 5070","$1,499.99","$1,999.99",Free shipping,https://www.ebay.com/itm/306423604443?_trkparms=5373%3A5000006400%7C5374%3ATech%7C5079%3A5000006400
2026-03-10 18:03:32,Samsung Galaxy Watch Ultra (2025) 47MM LTE Unlocked L705U Smartwatch - Excellent,$354.99,N/A,Free shipping,https://www.ebay.com/itm/227111541415?_trkparms=5373%3A5000006400%7C5374%3ATech%7C5079%3A5000006400
2026-03-10 18:03:32,"Bose QuietComfort Ultra Noise Cancelling Headphones, Certified Refurbished",$215.00,$229.00,Free shipping,https://www.ebay.com/itm/166708867898?_trkparms=5373%3A5000006400%7C5374%3ATech%7C5079%3A5000006400
2026-03-10 18:03:32,Apple - HomePod mini,$94.95,$118.99,Free shipping,https://www.ebay.com/itm/326656443193?_trkparms=5373%3A5000006400%7C5374%3ATech%7C5079%3A5000006400
2026-03-10 18:03:32,"LG OLED77G5WUA 77"" G5 4K UHD OLED evo Smart TV w/ Wall Mount","$2,299.00",N/A,Free shipping,https://www.ebay.com/itm/297737539543?_trkparms=5373%3A5000006400%7C5374%3ATech%7C5079%3A5000006400
2026-03-10 18:03:32,"Apple 2022 iPad Pro, 12.9-inch, Wi-Fi + Cellular, 256GB, Silver - Excellent",$592.99,"$1,399.00",Free shipping,https://www.ebay.com/itm/406710862765?_trkparms=5373%3A5000006400%7C5374%3ATech%7C5079%3A5000006400
2026-03-10 18:03:32,"HP EliteBook 840 G7 14"" 512GB i5-10310U WIN11P, Silver",$225.00,$529.99,Free shipping,https://www.ebay.com/itm/366229051169?_trkparms=5373%3A5000006400%7C5374%3ATech%7C5079%3A5000006400
2026-03-10 18:03:32,eufy SoloCam S3 Solar Wireless Security Camera 360°PTZ 3K Dual-Cam Night Vision,$89.99,$199.99,Free shipping,https://www.ebay.com/itm/386708545260?_trkparms=5373%3A5000006400%7C5374%3ATech%7C5079%3A5000006400
2026-03-10 18:03:32,Apple Watch Ultra GPS & Cellular 49mm Titanium Trail Alpine Loop Ocean Excellent,$297.99,$799.00,Free shipping,https://www.ebay.com/itm/406318312547?_trkparms=5373%3A5000006400%7C5374%3ATech%7C5079%3A5000006400
2026-03-10 18:03:32,REDTIGER F7NP 128GB Dash Camera Front and Rear 4K Dash Cam With WiFi&GPS,$129.99,$189.99,Free shipping,https://www.ebay.com/itm/286761406185?_trkparms=5373%3A5000006400%7C5374%3ATech%7C5079%3A5000006400
2026-03-10 18:03:32,Apple iPhone 16 128GB Unlocked Smartphone A3081 Good Condition,$499.00,$701.00,Free shipping,https://www.ebay.com/itm/227050861810?_trkparms=5373%3A5000006400%7C5374%3ATech%7C5079%3A5000006423
2026-03-10 18:03:32,Samsung Galaxy S21 5G 128GB G991U Unlocked - Good,$134.99,$799.99,Free shipping,https://www.ebay.com/itm/254987231741?_trkparms=5373%3A5000006400%7C5374%3ATech%7C5079%3A5000006423
2026-03-10 18:03:32,Apple iPhone 15 Pro 512GB Unlocked AT&T T-Mobile Verizon Very Good Condition,$528.95,"$1,299.95",Free shipping,https://www.ebay.com/itm/296106949477?_trkparms=5373%3A5000006400%7C5374%3ATech%7C5079%3A5000006423
2026-03-10 18:03:33,Samsung Galaxy S24+ 256GB S926U Unlocked - Excellent,$431.99,$999.99,Free shipping,https://www.ebay.com/itm/256602372474?_trkparms=5373%3A5000006400%7C5374%3ATech%7C5079%3A5000006423
2026-03-10 18:03:33,"HP OmniBook X 14-fk00 2-in-1 14"" Touch Laptop, Ryzen 7, 24GB, 1TB, Windows",$599.99,$999.99,Free shipping,https://www.ebay.com/itm/167860839015?_trkparms=5373%3A5000006400%7C5374%3ATech%7C5079%3A5000006407
2026-03-10 18:03:33,"Acer Swift Go 14"" Laptop Intel Core Ultra 7 155H 16GB RAM 1TB SSD Refurbished",$371.99,$799.99,Free shipping,https://www.ebay.com/itm/276709583737?_trkparms=5373%3A5000006400%7C5374%3ATech%7C5079%3A5000006407
2026-03-10 18:03:33,"2021 Apple M1 Pro MacBook Pro 16"" 32GB/512GB SSD - (Space Gray) A2485 w/Warranty",$795.15,"$2,699.00",Free shipping,https://www.ebay.com/itm/146647402645?_trkparms=5373%3A5000006400%7C5374%3ATech%7C5079%3A5000006407
2026-03-10 18:03:33,"HP EliteBook 845 G8 14"" FHD IPS AMD Ryzen 5 PRO 5650U 32GB 256GB SSD W11P Laptop",$369.00,$799.99,Free shipping,https://www.ebay.com/itm/376992070163?_trkparms=5373%3A5000006400%7C5374%3ATech%7C5079%3A5000006407
2026-03-10 18:03:33,Samsung HW-B750F 5.1ch Bluetooth Soundbar with Wireless Subwoofer – 2025 Model,$218.00,$599.95,Free shipping,https://www.ebay.com/itm/157040074913?_trkparms=5373%3A5000006400%7C5374%3ATech%7C5079%3A5000006409
2026-03-10 18:03:33,"Bose Solo Soundbar 2 Home Theater, Certified Refurbished",$93.00,$199.00,Free shipping,https://www.ebay.com/itm/167031735841?_trkparms=5373%3A5000006400%7C5374%3ATech%7C5079%3A5000006409
2026-03-10 18:03:33,Epson BrightLink 1485Fi FHD 5000Lumen 3LCD Interactive Classroom Laser Projector,"$1,357.00","$3,099.00",Free shipping,https://www.ebay.com/itm/175297139043?_trkparms=5373%3A5000006400%7C5374%3ATech%7C5079%3A5000006409
2026-03-10 18:03:33,Samsung 656W 11.1.4-Ch 656W Dolby Atmos Soundbar System HW-Q990D/ZA,$829.98,"$1,599.99",Free shipping,https://www.ebay.com/itm/395482986060?_trkparms=5373%3A5000006400%7C5374%3ATech%7C5079%3A5000006409
2026-03-10 18:03:33,SVBONY MK127 127mm Telescope Professional Maksutov-Cassegrain Planetary Visual,$479.99,$533.32,Free shipping,https://www.ebay.com/itm/197423012127?_trkparms=5373%3A5000006400%7C5374%3ATech%7C5079%3A5000006430
2026-03-10 18:03:33,SVBONY SV48P 102mm f/6.5 Telescope Astronomical Professional for Observation,$229.99,$333.32,Free shipping,https://www.ebay.com/itm/196534578698?_trkparms=5373%3A5000006400%7C5374%3ATech%7C5079%3A5000006430
2026-03-10 18:03:33,OM System Olympus OM-1 20MP Stacked Sensor Mirrorless Camera,$875.00,N/A,Free shipping,https://www.ebay.com/itm/205975048161?_trkparms=5373%3A5000006400%7C5374%3ATech%7C5079%3A5000006430
2026-03-10 18:03:33,OM System Olympus OM-1 Mirrorless Camera w/12-40mm f/2.8 Pro II Lens,"$1,499.00",N/A,Free shipping,https://www.ebay.com/itm/147075451628?_trkparms=5373%3A5000006400%7C5374%3ATech%7C5079%3A5000006430
2026-03-10 18:03:33,Nintendo Switch OLED 64GB Game Console + 1 Year🛡️ Warranty | 2-Day Shipping📦✈️,$249.95,$399.99,Free shipping,https://www.ebay.com/itm/357950678927?_trkparms=5373%3A5000006400%7C5374%3ATech%7C5079%3A5000006401
2026-03-10 18:03:33,Nex Playground Active Play System Motion Gaming Console AI Controller New OB,$179.99,$199.99,Free shipping,https://www.ebay.com/itm/389679669427?_trkparms=5373%3A5000006400%7C5374%3ATech%7C5079%3A5000006401
2026-03-10 18:03:33,"Gaming Charging Case 20W for Nintendo Switch 2, Sage Green",$69.99,N/A,Free shipping,https://www.ebay.com/itm/127701925145?_trkparms=5373%3A5000006400%7C5374%3ATech%7C5079%3A5000006401
2026-03-10 18:03:33,"Gaming Charging Case 20W for Nintendo Switch 2, Sand",$69.99,N/A,Free shipping,https://www.ebay.com/itm/127701925104?_trkparms=5373%3A5000006400%7C5374%3ATech%7C5079%3A5000006401
2026-03-10 18:03:33,TABWEE T90 Android Tablet With GPS 11 Inch Andriod 16 24GB+128GB 8000mAh T615,$139.00,N/A,Free shipping,https://www.ebay.com/itm/366144621889?_trkparms=5373%3A5000006400%7C5374%3ATech%7C5079%3A5000006415
2026-03-10 18:03:34,"Apple iPad Air 5 M1 (2022) 10.9"" 64GB 256GB - WiFi or Cellular - Good",$289.99,N/A,Free shipping,https://www.ebay.com/itm/157484606510?_trkparms=5373%3A5000006400%7C5374%3ATech%7C5079%3A5000006415
2026-03-10 18:03:34,Apple iPad Pro 12.9″ (5th Gen 2021) Wi-Fi M1 Excellent Condition 1 Year Warranty,$499.95,N/A,Free shipping,https://www.ebay.com/itm/227211848353?_trkparms=5373%3A5000006400%7C5374%3ATech%7C5079%3A5000006415
2026-03-10 18:03:34,"Apple iPad Pro6 Tablet 12.9"" 6th Gen 2022 WiFi / 5G Models Pro 6 -M2 Very Good",$599.95,N/A,Free shipping,https://www.ebay.com/itm/364759523674?_trkparms=5373%3A5000006400%7C5374%3ATech%7C5079%3A5000006415
2026-03-10 18:03:34,Apple AirPods Pro 2nd Generation Gen 2 2023 A2968 with Magsafe USB-C Charging,$139.95,$250.00,Free shipping,https://www.ebay.com/itm/285636515887?_trkparms=5373%3A5000006400%7C5374%3ATech%7C5079%3A5000006419
2026-03-10 18:03:34,Anker 737 Power Bank 24000mAh 3-Port Portable Charger 140W for iPhone 14/MacBook,$74.99,$159.99,Free shipping,https://www.ebay.com/itm/385840234596?_trkparms=5373%3A5000006400%7C5374%3ATech%7C5079%3A5000006419
2026-03-10 18:03:34,Samsung Galaxy Buds+ Plus SM-R175 Bluetooth True Wireless Earbuds 2020 Colors SR,$54.95,N/A,Free shipping,https://www.ebay.com/itm/185460063087?_trkparms=5373%3A5000006400%7C5374%3ATech%7C5079%3A5000006419
2026-03-10 18:03:34,Apple AirPods Pro 3 Wireless Active Noise Cancelling Earbuds Magsafe MFHP4LL/A,$186.95,N/A,Free shipping,https://www.ebay.com/itm/277504800257?_trkparms=5373%3A5000006400%7C5374%3ATech%7C5079%3A5000006419
2026-03-10 18:03:34,"2-Bay/4-Bay Hard Drive Enclosure for 3.5""/2.5'' SATA HDD/SSD 10Gbps USB-C 3.2",$75.99,$151.98,Free shipping,https://www.ebay.com/itm/236532412408?_trkparms=5373%3A5000006400%7C5374%3ATech%7C5079%3A5000006421
2026-03-10 18:03:34,WL OEM 20TB 7.2K RPM SATA 6Gb/s 3.5in Enterprise HDD,$357.46,N/A,Free shipping,https://www.ebay.com/itm/297831103459?_trkparms=5373%3A5000006400%7C5374%3ATech%7C5079%3A5000006421
2026-03-10 18:03:34,"Samsung - Geek Squad Certified Refurbished T9 Portable SSD 4TB, Up to 2,000MB...",$459.99,N/A,Free shipping,https://www.ebay.com/itm/205471528497?_trkparms=5373%3A5000006400%7C5374%3ATech%7C5079%3A5000006421
2026-03-10 18:03:34,SAMSUNG SSD 7.68TB 4TB 3.84TB 2TB 1.92TB 1TB 960GB 512GB 500GB 480GB 2.5 6Gbps,$74.99,N/A,Free shipping,https://www.ebay.com/itm/326859827047?_trkparms=5373%3A5000006400%7C5374%3ATech%7C5079%3A5000006421
2026-03-10 18:03:34,JBL PartyBox 1000 Portable Bluetooth Party Speaker with Full Panel Light Effects,$849.00,"$1,349.95",Free shipping,https://www.ebay.com/itm/184651964031?_trkparms=5373%3A5000006400%7C5374%3ATech%7C5079%3A5000006403
2026-03-10 18:03:34,"Soundcore Anker Life Q20 Hybrid Active Noise Cancelling Headphones, Wireless",$22.99,$28.74,Free shipping,https://www.ebay.com/itm/389129473103?_trkparms=5373%3A5000006400%7C5374%3ATech%7C5079%3A5000006403
2026-03-10 18:03:34,Beats Fit Pro Ear Hooks Ear wings Replacement Black White Purple Gray Blue 1Pair,$16.00,N/A,Free shipping,https://www.ebay.com/itm/376769728164?_trkparms=5373%3A5000006400%7C5374%3ATech%7C5079%3A5000006403
2026-03-10 18:03:34,JBL JBLPARTYBOXULTAM-Z PartyBox Ultimate Speaker - Certified Refurbished,"$1,199.99","$1,899.95",Free shipping,https://www.ebay.com/itm/135712104253?_trkparms=5373%3A5000006400%7C5374%3ATech%7C5079%3A5000006403
2026-03-10 18:03:34,Bundle: Canon SELPHY CP1500 Compact Photo Printer White with KP-108IN Paper Set,$203.99,$299.99,Free shipping,https://www.ebay.com/itm/196220534433?_trkparms=5373%3A5000006400%7C5374%3ATech%7C5079%3A5000006417
2026-03-10 18:03:34,Genuine HP 646A CF032AC Yellow High Yield Toner 12.5K HP LaserJet CM4540 MFP NEW,$19.00,$39.00,Free shipping,https://www.ebay.com/itm/305583237926?_trkparms=5373%3A5000006400%7C5374%3ATech%7C5079%3A5000006417
2026-03-10 18:03:34,Genuine HP 646A CF033AC Magenta High Yield Toner 12.5K LaserJet CM4540 MFP NEW,$17.99,$37.99,Free shipping,https://www.ebay.com/itm/305583258247?_trkparms=5373%3A5000006400%7C5374%3ATech%7C5079%3A5000006417
2026-03-10 18:03:34,Canon Selphy CP1500 Wireless Compact Photo Printer (Black),$179.00,$199.00,Free shipping,https://www.ebay.com/itm/376377515182?_trkparms=5373%3A5000006400%7C5374%3ATech%7C5079%3A5000006417
2026-03-10 18:03:35,REDTIGER 4K Dash Cam Front and Rear with AI-Powered Driver Assistance G-Sensor,$79.99,$139.99,Free shipping,https://www.ebay.com/itm/285933024479?_trkparms=5373%3A5000006400%7C5374%3ATech%7C5079%3A5000006432
2026-03-10 18:03:35,MUCAR 892BT Full Systems Car Bidirectional Diagnostic Scan Tool Life Free Update,$489.00,$569.00,Free shipping,https://www.ebay.com/itm/397321692203?_trkparms=5373%3A5000006400%7C5374%3ATech%7C5079%3A5000006432
2026-03-10 18:03:35,2026 Thinkscan Plus S7 Car OBD2 Scanner Auto Diagnostic Tool ABS SRS BCM IC AC,$125.99,$189.99,Free shipping,https://www.ebay.com/itm/394131576153?_trkparms=5373%3A5000006400%7C5374%3ATech%7C5079%3A5000006432
2026-03-10 18:03:35,"REDTIGER F17 4K 3 Channel Dash Cam, 5G WiFi Front and Rear Inside 64GB SD Card",$159.99,$219.99,Free shipping,https://www.ebay.com/itm/285472410074?_trkparms=5373%3A5000006400%7C5374%3ATech%7C5079%3A5000006432
2026-03-10 18:03:35,Olympus OM System 12-40mm f2.8 M.Zuiko ED PRO II Lens Micro 4/3 MFT,$699.00,N/A,Free shipping,https://www.ebay.com/itm/205996230549?_trkparms=5373%3A5000006400%7C5374%3ATech%7C5079%3A5000006425
2026-03-10 18:03:35,"PANASONIC LUMIX G Leica DG ELMARIT Professional Lens, 200mm, F2.8 ASPH,","$2,339.95","$3,626.99",Free shipping,https://www.ebay.com/itm/197772160091?_trkparms=5373%3A5000006400%7C5374%3ATech%7C5079%3A5000006425
2026-03-10 18:03:35,Sony FE 24-70mm f/2.8 GM II Lens - Fast USA Shipping!,"$2,299.00",N/A,Free shipping,https://www.ebay.com/itm/206009821598?_trkparms=5373%3A5000006400%7C5374%3ATech%7C5079%3A5000006425
2026-03-10 18:03:35,Sony FE 70-200mm f2.8 GM OSS II Lens SEL70200GM2 *Sony USA Warranty,"$2,889.00",N/A,Free shipping,https://www.ebay.com/itm/147103302859?_trkparms=5373%3A5000006400%7C5374%3ATech%7C5079%3A5000006425
2026-03-10 18:03:35,JBL PartyBox 1000 Portable Bluetooth Party Speaker with Full Panel Light Effects,$849.00,"$1,349.95",Free shipping,https://www.ebay.com/itm/184651964031?_trkparms=5373%3A5000006400%7C5374%3ATech%7C5079%3A5000006413
2026-03-10 18:03:35,Samsung HW-B750F 5.1ch Bluetooth Soundbar with Wireless Subwoofer – 2025 Model,$218.00,$599.95,Free shipping,https://www.ebay.com/itm/157040074913?_trkparms=5373%3A5000006400%7C5374%3ATech%7C5079%3A5000006413
2026-03-10 18:03:35,"Bose Solo Soundbar 2 Home Theater, Certified Refurbished",$93.00,$199.00,Free shipping,https://www.ebay.com/itm/167031735841?_trkparms=5373%3A5000006400%7C5374%3ATech%7C5079%3A5000006413
2026-03-10 18:03:35,"Soundcore Anker Life Q20 Hybrid Active Noise Cancelling Headphones, Wireless",$22.99,$28.74,Free shipping,https://www.ebay.com/itm/389129473103?_trkparms=5373%3A5000006400%7C5374%3ATech%7C5079%3A5000006413
2026-03-10 18:03:35,Apple Pencil (USB-C) - White Stylus MUWA3AM/A with Pixel-Perfect Precision,$51.82,$56.95,Free shipping,https://www.ebay.com/itm/296262723993?_trkparms=5373%3A5000006400%7C5374%3ATech%7C5079%3A5000006427
2026-03-10 18:03:35,Belkin Thunderbolt 3 Dock Pro (Certified Refurbished) - Space Grey,$72.00,$179.99,Free shipping,https://www.ebay.com/itm/127463179236?_trkparms=5373%3A5000006400%7C5374%3ATech%7C5079%3A5000006427
2026-03-10 18:03:35,Belkin USB-C Multimedia Hub (Certified Refurbished) - Silver,$40.00,$99.99,Free shipping,https://www.ebay.com/itm/127463179126?_trkparms=5373%3A5000006400%7C5374%3ATech%7C5079%3A5000006427
2026-03-10 18:03:35,Belkin Thunderbolt 3 Dock Plus (Certified Refurbished) - Black,$100.00,$249.99,Free shipping,https://www.ebay.com/itm/127463179800?_trkparms=5373%3A5000006400%7C5374%3ATech%7C5079%3A5000006427
2026-03-10 18:03:35,Apple iPhone 16 128GB Unlocked Smartphone A3081 Good Condition,$499.00,$701.00,Free shipping,https://www.ebay.com/itm/227050861810?_trkparms=5373%3A5000006400%7C5374%3ATech%7C5079%3A5000006411
2026-03-10 18:03:35,Samsung Galaxy S21 5G 128GB G991U Unlocked - Good,$134.99,$799.99,Free shipping,https://www.ebay.com/itm/254987231741?_trkparms=5373%3A5000006400%7C5374%3ATech%7C5079%3A5000006411
2026-03-10 18:03:35,Apple iPhone 15 Pro 512GB Unlocked AT&T T-Mobile Verizon Very Good Condition,$528.95,"$1,299.95",Free shipping,https://www.ebay.com/itm/296106949477?_trkparms=5373%3A5000006400%7C5374%3ATech%7C5079%3A5000006411
2026-03-10 18:03:36,Apple AirPods Pro 2nd Generation Gen 2 2023 A2968 with Magsafe USB-C Charging,$139.95,$250.00,Free shipping,https://www.ebay.com/itm/285636515887?_trkparms=5373%3A5000006400%7C5374%3ATech%7C5079%3A5000006411
2026-03-10 18:03:36,"LG UltraWide 34"" WQHD HDR 10 120Hz 5ms Curved Monitor Black 34U62TB-B 2025 Model",$189.99,$399.99,Free shipping,https://www.ebay.com/itm/136761082570?_trkparms=5373%3A5000006400%7C5374%3ATech%7C5079%3A5000006405
2026-03-10 18:03:36,"HP 524pf 24"" Class Full HD LCD Monitor - 16:9 - Jet Black",$135.69,$199.00,Free shipping,https://www.ebay.com/itm/306372024621?_trkparms=5373%3A5000006400%7C5374%3ATech%7C5079%3A5000006405
2026-03-10 18:03:36,"Refurbished HUION Kamvas Pro 19 18.4"" UHD Drawing Tablet Touch Screen PenTech4.0",$729.00,N/A,Free shipping,https://www.ebay.com/itm/335438627589?_trkparms=5373%3A5000006400%7C5374%3ATech%7C5079%3A5000006405
2026-03-10 18:03:36,"Refurbished HUION Kamvas 13 (Gen 3) 13.3"" Graphic Tablet Pen Display PenTech4.0",$169.00,N/A,Free shipping,https://www.ebay.com/itm/335778622198?_trkparms=5373%3A5000006400%7C5374%3ATech%7C5079%3A5000006405
